Date,VIX,AAA,BBB,VIX_lag,AAA_lag,BBB_lag
2022-01-04,2.827905153886959,0.7701082216960737,0.9969486348916096,2.8094027183426014,0.7654678421395714,0.9932517730102834
2022-01-05,2.982140296833121,0.7793248768009977,1.007957920399979,2.827905153886959,0.7701082216960737,0.9969486348916096
2022-01-06,2.9760396713327606,0.7975071958841882,1.0188473201992472,2.982140296833121,0.7793248768009977,1.007957920399979
2022-01-07,2.9317269557786028,0.8064758658669485,1.0296194171811581,2.9760396713327606,0.7975071958841882,1.0188473201992472
2022-01-10,2.9652730464058945,0.8197798314933114,1.0367368849500223,2.9317269557786028,0.8064758658669485,1.0296194171811581
2022-01-11,2.912893986956671,0.8064758658669485,1.0296194171811581,2.9652730464058945,0.8197798314933114,1.0367368849500223
2022-01-12,2.8690346681376235,0.8020015854720274,1.0260415958332743,2.912893986956671,0.8064758658669485,1.0296194171811581
2022-01-13,3.0111133492969895,0.8020015854720274,1.0260415958332743,2.8690346681376235,0.8020015854720274,1.0260415958332743
2022-01-14,2.954389337849604,0.8285518175661483,1.0473189942805592,3.0111133492969895,0.8020015854720274,1.0260415958332743
2022-01-18,3.12632188342992,0.8671004876833833,1.0818051703517284,2.954389337849604,0.8285518175661483,1.0473189942805592
2022-01-19,3.171784233328888,0.8544153281560676,1.0715836162801904,3.12632188342992,0.8671004876833833,1.0818051703517284
2022-01-20,3.2422016561344913,0.8586616190375187,1.075002423028976,3.171784233328888,0.8544153281560676,1.0715836162801904
2022-01-21,3.3621100061766294,0.8415671856782185,1.0612565021243408,3.2422016561344913,0.8586616190375187,1.075002423028976
2022-01-24,3.397858467638456,0.85015092936961,1.0681530811834012,3.3621100061766294,0.8415671856782185,1.0612565021243408
2022-01-25,3.439135216105632,0.8628899551470398,1.0818051703517284,3.397858467638456,0.85015092936961,1.0681530811834012
2022-01-26,3.4644850922520365,0.8796267475025636,1.095273387402595,3.439135216105632,0.8628899551470398,1.0818051703517284
2022-01-27,3.4173987534933796,0.883767540168595,1.1019400787607843,3.4644850922520365,0.8796267475025636,1.095273387402595
2022-01-28,3.319987320720058,0.8919980393051105,1.1052568313867783,3.4173987534933796,0.883767540168595,1.1019400787607843
2022-01-31,3.2120525964474234,0.8919980393051105,1.1151415906193203,3.319987320720058,0.8919980393051105,1.1052568313867783
2022-02-01,3.0892225749506483,0.8878912573524571,1.1151415906193203,3.2120525964474234,0.8919980393051105,1.1151415906193203
2022-02-02,3.095125024339581,0.8712933659434193,1.1019400787607843,3.0892225749506483,0.8878912573524571,1.1151415906193203
2022-02-03,3.1925318651947063,0.9001613499442714,1.1216775615991057,3.095125024339581,0.8712933659434193,1.1019400787607843
2022-02-04,3.1450139466984486,0.9400072584914712,1.1568811967920856,3.1925318651947063,0.9001613499442714,1.1216775615991057
2022-02-07,3.129388685066208,0.9321640810304452,1.1568811967920856,3.1450139466984486,0.9400072584914712,1.1568811967920856
2022-02-08,3.065258361112005,0.9400072584914712,1.1631508098056809,3.129388685066208,0.9321640810304452,1.1568811967920856
2022-02-09,2.9937302250152134,0.9360933591703348,1.1600209167967532,3.065258361112005,0.9400072584914712,1.1631508098056809
2022-02-10,3.174296775088473,0.9783261227936078,1.1969481893889715,2.9937302250152134,0.9360933591703348,1.1600209167967532
2022-02-11,3.3090821150625205,0.9555114450274363,1.1878434223960523,3.174296775088473,0.9783261227936078,1.1969481893889715
2022-02-14,3.343921311149381,0.9820784724121582,1.205970806988609,3.3090821150625205,0.9555114450274363,1.1878434223960523
2022-02-15,3.2464910215875338,0.9932517730102834,1.2149127443642704,3.343921311149381,0.9820784724121582,1.205970806988609
2022-02-16,3.1900647807056135,1.000631880307906,1.2178757094949273,3.2464910215875338,0.9932517730102834,1.2149127443642704
2022-02-17,3.3361254066314094,0.9858167945227654,1.2119409739751128,3.1900647807056135,1.000631880307906,1.2178757094949273
2022-02-18,3.3232358401924436,0.9783261227936078,1.2119409739751128,3.3361254066314094,0.9858167945227654,1.2119409739751128
2022-02-22,3.3607225305592063,0.9932517730102834,1.2267122912954254,3.3232358401924436,0.9783261227936078,1.2119409739751128
2022-02-23,3.434632172505442,1.000631880307906,1.235471471385307,3.3607225305592063,0.9932517730102834,1.2267122912954254
2022-02-24,3.4118075507090064,1.0116009116784799,1.2556160374777743,3.434632172505442,1.000631880307906,1.235471471385307
2022-02-25,3.3174533937597452,1.0152306797290584,1.252762968495368,3.4118075507090064,1.0116009116784799,1.2556160374777743
2022-02-28,3.406184910520799,0.959350221334602,1.2325602611778486,3.3174533937597452,1.0152306797290584,1.252762968495368
2022-03-01,3.506157808139705,0.9202827531436925,1.208960345836975,3.406184910520799,0.959350221334602,1.2325602611778486
2022-03-02,3.425564730664717,0.9820784724121582,1.2556160374777743,3.506157808139705,0.9202827531436925,1.208960345836975
2022-03-03,3.417070715799952,0.9745596399981308,1.252762968495368,3.425564730664717,0.9820784724121582,1.2556160374777743
2022-03-04,3.4651106930917472,0.959350221334602,1.2412685890696329,3.417070715799952,0.9745596399981308,1.252762968495368
2022-03-07,3.5959414793857905,0.9858167945227654,1.2669476034873244,3.4651106930917472,0.959350221334602,1.2412685890696329
2022-03-08,3.5590554966823817,1.0331844833456545,1.3110318766193438,3.5959414793857905,0.9858167945227654,1.2669476034873244
2022-03-09,3.47970046666133,1.0402767116551463,1.3217558399823195,3.5590554966823817,1.0331844833456545,1.3110318766193438
2022-03-10,3.4088347936486714,1.0715836162801904,1.3428648031925547,3.47970046666133,1.0402767116551463,1.3217558399823195
2022-03-11,3.4258899942525267,1.0681530811834012,1.3480731482996928,3.4088347936486714,1.0715836162801904,1.3428648031925547
2022-03-14,3.4585224626901017,1.1118575154181303,1.3812818192963463,3.4258899942525267,1.0681530811834012,1.3480731482996928
2022-03-15,3.3955145959690323,1.1151415906193203,1.3887912413184778,3.4585224626901017,1.1118575154181303,1.3812818192963463
2022-03-16,3.2835393410545883,1.1019400787607843,1.3862943611198906,3.3955145959690323,1.1151415906193203,1.3887912413184778
2022-03-17,3.2453229978551543,1.085189268335969,1.366091653802371,3.2835393410545883,1.1019400787607843,1.3862943611198906
2022-03-18,3.1726224755092383,1.0715836162801904,1.3532545070416904,3.2453229978551543,1.085189268335969,1.366091653802371
2022-03-21,3.158276231920975,1.0986122886681098,1.3837912309017721,3.1726224755092383,1.0715836162801904,1.3532545070416904
2022-03-22,3.1328821349818528,1.1118575154181303,1.3912819026309295,3.158276231920975,1.0986122886681098,1.3837912309017721
2022-03-23,3.159974704000404,1.0986122886681098,1.3787660946990992,3.1328821349818528,1.1118575154181303,1.3912819026309295
2022-03-24,3.075928819068985,1.1118575154181303,1.3862943611198906,3.159974704000404,1.0986122886681098,1.3787660946990992
2022-03-25,3.035433614742034,1.1474024528375417,1.415853163361435,3.075928819068985,1.1118575154181303,1.3862943611198906
2022-03-28,2.9770589655357758,1.144222799920162,1.4134230285081433,3.035433614742034,1.1474024528375417,1.415853163361435
2022-03-29,2.939161901882013,1.1216775615991057,1.3912819026309295,2.9770589655357758,1.144222799920162,1.4134230285081433
2022-03-30,2.9616582892733203,1.1052568313867783,1.3787660946990992,2.939161901882013,1.1216775615991057,1.3912819026309295
2022-03-31,3.0233474146113988,1.1019400787607843,1.358409157630355,2.9616582892733203,1.1052568313867783,1.3787660946990992
2022-04-01,2.9770589655357758,1.1151415906193203,1.3686394258811698,3.0233474146113988,1.1019400787607843,1.358409157630355
2022-04-04,2.921547358930808,1.1151415906193203,1.3686394258811698,2.9770589655357758,1.1151415906193203,1.3686394258811698
2022-04-05,3.045950022365369,1.1474024528375417,1.3937663759585917,2.921547358930808,1.1151415906193203,1.3686394258811698
2022-04-06,3.0955776257847805,1.1662709371419244,1.4060969884160703,3.045950022365369,1.1474024528375417,1.3937663759585917
2022-04-07,3.070375781146533,1.172482137234565,1.410986973710262,3.0955776257847805,1.1662709371419244,1.4060969884160703
2022-04-08,3.0521125997789507,1.1969481893889715,1.430311246536665,3.070375781146533,1.172482137234565,1.410986973710262
2022-04-11,3.1933529020742664,1.2178757094949273,1.4469189829363254,3.0521125997789507,1.1969481893889715,1.430311246536665
2022-04-12,3.1888289129504397,1.205970806988609,1.43746264769429,3.1933529020742664,1.2178757094949273,1.4469189829363254
2022-04-13,3.082826966418867,1.2029723039923526,1.4350845252893227,3.1888289129504397,1.205970806988609,1.43746264769429
2022-04-14,3.122364958097024,1.2325602611778486,1.4562867329399256,3.082826966418867,1.2029723039923526,1.4350845252893227
2022-04-18,3.098740027069535,1.244154593958768,1.4655675420143985,3.122364958097024,1.2325602611778486,1.4562867329399256
2022-04-19,3.061988108602623,1.264126727145683,1.4861396960896067,3.098740027069535,1.244154593958768,1.4655675420143985
2022-04-20,3.011605607691788,1.247032293786383,1.4747630091074988,3.061988108602623,1.264126727145683,1.4861396960896067
2022-04-21,3.1214834923152734,1.275362800412609,1.4973884086254774,3.011605607691788,1.247032293786383,1.4747630091074988
2022-04-22,3.3396764925599043,1.2809338454620642,1.506297153514587,3.1214834923152734,1.275362800412609,1.4973884086254774
2022-04-25,3.296577349473713,1.264126727145683,1.4951487660319727,3.3396764925599043,1.2809338454620642,1.506297153514587
2022-04-26,3.5121422892703165,1.247032293786383,1.4838746894587547,3.296577349473713,1.264126727145683,1.4951487660319727
2022-04-27,3.453157132664693,1.2556160374777743,1.4929040961781488,3.5121422892703165,1.247032293786383,1.4838746894587547
2022-04-28,3.400863985128979,1.2725655957915476,1.506297153514587,3.453157132664693,1.2556160374777743,1.4929040961781488
2022-04-29,3.5085559456676507,1.2837077723447896,1.5173226235262947,3.400863985128979,1.2725655957915476,1.506297153514587
2022-05-02,3.476304858867201,1.308332819650179,1.545432582458188,3.5085559456676507,1.2837077723447896,1.5173226235262947
2022-05-03,3.3758795736778655,1.2947271675944,1.541159071680806,3.476304858867201,1.308332819650179,1.545432582458188
2022-05-04,3.2355362687626434,1.2837077723447896,1.5260563034950492,3.3758795736778655,1.2947271675944,1.541159071680806
2022-05-05,3.440418119268624,1.3190856114264407,1.5518087995974639,3.2355362687626434,1.2837077723447896,1.5260563034950492
2022-05-06,3.407510761408632,1.3270750014599193,1.5602476682433286,3.440418119268624,1.3190856114264407,1.5518087995974639
2022-05-09,3.548179572010801,1.3190856114264407,1.5602476682433286,3.407510761408632,1.3270750014599193,1.5602476682433286
2022-05-10,3.4962045361185368,1.3056264580524357,1.547562508716013,3.548179572010801,1.3190856114264407,1.5602476682433286
2022-05-11,3.483084583311581,1.2947271675944,1.5390154481375546,3.4962045361185368,1.3056264580524357,1.547562508716013
2022-05-12,3.4585224626901017,1.2725655957915476,1.5260563034950492,3.483084583311581,1.2947271675944,1.5390154481375546
2022-05-13,3.362803022744237,1.3029127521808397,1.5496879080283263,3.4585224626901017,1.2725655957915476,1.5260563034950492
2022-05-16,3.313094475110986,1.2947271675944,1.5432981099295553,3.362803022744237,1.3029127521808397,1.5496879080283263
2022-05-17,3.261935328944346,1.3190856114264407,1.5644405465033646,3.313094475110986,1.2947271675944,1.5432981099295553
2022-05-18,3.4326960191502294,1.3029127521808397,1.55814461804655,3.261935328944346,1.3190856114264407,1.5644405465033646
2022-05-19,3.3792925592713705,1.297463147413275,1.556037135706985,3.4326960191502294,1.3029127521808397,1.55814461804655
2022-05-20,3.3820145726149287,1.2837077723447896,1.545432582458188,3.3792925592713705,1.297463147413275,1.556037135706985
2022-05-23,3.3492020704706125,1.3001916620664788,1.556037135706985,3.3820145726149287,1.2837077723447896,1.545432582458188
2022-05-24,3.3826939360038586,1.269760544863939,1.534714366238164,3.3492020704706125,1.3001916620664788,1.556037135706985
2022-05-25,3.3453322784024797,1.2584609896100056,1.5216989981260935,3.3826939360038586,1.269760544863939,1.534714366238164
2022-05-26,3.3141860046725258,1.244154593958768,1.5107219394949427,3.3453322784024797,1.2584609896100056,1.5216989981260935
2022-05-27,3.24726887267247,1.2412685890696329,1.506297153514587,3.3141860046725258,1.244154593958768,1.5107219394949427
2022-05-31,3.265377678911282,1.264126727145683,1.5216989981260935,3.24726887267247,1.2412685890696329,1.506297153514587
2022-06-01,3.246101831910333,1.2781522025001875,1.534714366238164,3.265377678911282,1.264126727145683,1.5216989981260935
2022-06-02,3.2076126048125677,1.2781522025001875,1.5325568680981427,3.246101831910333,1.2781522025001875,1.534714366238164
2022-06-03,3.2104403829784154,1.2919836816486494,1.541159071680806,3.2076126048125677,1.2781522025001875,1.5325568680981427
2022-06-06,3.221671899997255,1.3110318766193438,1.5539252025038417,3.2104403829784154,1.2919836816486494,1.541159071680806
2022-06-07,3.1788868357094424,1.297463147413275,1.545432582458188,3.221671899997255,1.3110318766193438,1.5539252025038417
2022-06-08,3.176385735036591,1.3110318766193438,1.5539252025038417,3.1788868357094424,1.297463147413275,1.545432582458188
2022-06-09,3.261552104997157,1.3164082336557241,1.5602476682433286,3.176385735036591,1.3110318766193438,1.5539252025038417
2022-06-10,3.3232358401924436,1.355835153635182,1.5973653311998313,3.261552104997157,1.3164082336557241,1.5602476682433286
2022-06-13,3.526948600423438,1.4206957878372228,1.6505798557652755,3.3232358401924436,1.355835153635182,1.5973653311998313
2022-06-14,3.487069178726604,1.43746264769429,1.6714733033535532,3.526948600423438,1.4206957878372228,1.6505798557652755
2022-06-15,3.388449837172988,1.410986973710262,1.6524974018945473,3.487069178726604,1.43746264769429,1.6714733033535532
2022-06-16,3.494991284102976,1.3987168811184478,1.6467336971777973,3.388449837172988,1.410986973710262,1.6524974018945473
2022-06-17,3.438171957494525,1.3862943611198906,1.6409365794934714,3.494991284102976,1.3987168811184478,1.6467336971777973
2022-06-21,3.407510761408632,1.3987168811184478,1.6505798557652755,3.438171957494525,1.3862943611198906,1.6409365794934714
2022-06-22,3.365570230372698,1.3711807233098425,1.6331544390514163,3.407510761408632,1.3987168811184478,1.6505798557652755
2022-06-23,3.3690184570349437,1.3532545070416904,1.623340817603092,3.365570230372698,1.3711807233098425,1.6331544390514163
2022-06-24,3.304319289874663,1.3609765531356006,1.631199404215613,3.3690184570349437,1.3532545070416904,1.623340817603092
2022-06-27,3.2939833256644473,1.3711807233098425,1.6409365794934714,3.304319289874663,1.3609765531356006,1.631199404215613
2022-06-28,3.344979723185491,1.3787660946990992,1.6486586255873816,3.2939833256644473,1.3711807233098425,1.6409365794934714
2022-06-29,3.3379025258712374,1.355835153635182,1.6351056591826783,3.344979723185491,1.3787660946990992,1.6486586255873816
2022-06-30,3.3572454622441756,1.33500106673234,1.6272778305624314,3.3379025258712374,1.355835153635182,1.6351056591826783
2022-07-01,3.284663593980715,1.3217558399823195,1.6174060820832772,3.3572454622441756,1.33500106673234,1.6272778305624314
2022-07-05,3.3156395265440572,1.3056264580524357,1.6074359097634274,3.284663593980715,1.3217558399823195,1.6174060820832772
2022-07-06,3.285786513025363,1.3297240096314962,1.6253112615903906,3.3156395265440572,1.3056264580524357,1.6074359097634274
2022-07-07,3.261168734133071,1.3402504226184837,1.6331544390514163,3.285786513025363,1.3297240096314962,1.6253112615903906
2022-07-08,3.2043711138945574,1.355835153635182,1.6428726885203377,3.261168734133071,1.3402504226184837,1.6331544390514163
2022-07-11,3.264613719457375,1.3297240096314962,1.6272778305624314,3.2043711138945574,1.355835153635182,1.6428726885203377
2022-07-12,3.3065203682683353,1.324418957401803,1.623340817603092,3.264613719457375,1.3297240096314962,1.6272778305624314
2022-07-13,3.289147866474868,1.3164082336557241,1.623340817603092,3.3065203682683353,1.324418957401803,1.623340817603092
2022-07-14,3.2733639957026597,1.3270750014599193,1.631199404215613,3.289147866474868,1.3164082336557241,1.623340817603092
2022-07-15,3.1875915159360004,1.3190856114264407,1.623340817603092,3.2733639957026597,1.3270750014599193,1.631199404215613
2022-07-18,3.2308043655777645,1.3217558399823195,1.623340817603092,3.1875915159360004,1.3190856114264407,1.623340817603092
2022-07-19,3.1986731175506815,1.33500106673234,1.631199404215613,3.2308043655777645,1.3217558399823195,1.623340817603092
2022-07-20,3.1730412533806236,1.332366019094335,1.631199404215613,3.1986731175506815,1.33500106673234,1.631199404215613
2022-07-21,3.1402654506970014,1.297463147413275,1.6034198401085373,3.1730412533806236,1.332366019094335,1.631199404215613
2022-07-22,3.1367977436478562,1.2725655957915476,1.5810384379124025,3.1402654506970014,1.297463147413275,1.6034198401085373
2022-07-25,3.1510251840880894,1.2892326482767593,1.5912739418064292,3.1367977436478562,1.2725655957915476,1.5810384379124025
2022-07-26,3.206398324987611,1.2864740258376797,1.5912739418064292,3.1510251840880894,1.2892326482767593,1.5912739418064292
2022-07-27,3.1458749221350946,1.269760544863939,1.5789787049493917,3.206398324987611,1.2864740258376797,1.5912739418064292
2022-07-28,3.1059310624354097,1.2584609896100056,1.5644405465033646,3.1458749221350946,1.269760544863939,1.5789787049493917
2022-07-29,3.0601145289064218,1.244154593958768,1.5539252025038417,3.1059310624354097,1.2584609896100056,1.5644405465033646
2022-08-01,3.12851339146854,1.2412685890696329,1.547562508716013,3.0601145289064218,1.244154593958768,1.5539252025038417
2022-08-02,3.175132914673135,1.2809338454620642,1.5748464676644813,3.12851339146854,1.2412685890696329,1.547562508716013
2022-08-03,3.0887671742792415,1.2809338454620642,1.5748464676644813,3.175132914673135,1.2809338454620642,1.5748464676644813
2022-08-04,3.065258361112005,1.2669476034873244,1.5602476682433286,3.0887671742792415,1.2809338454620642,1.5748464676644813
2022-08-05,3.051639887455893,1.3110318766193438,1.5912739418064292,3.065258361112005,1.2669476034873244,1.5602476682433286
2022-08-08,3.058237521908081,1.2919836816486494,1.5789787049493917,3.051639887455893,1.3110318766193438,1.5912739418064292
2022-08-09,3.080532896273726,1.3029127521808397,1.589235205116581,3.058237521908081,1.2919836816486494,1.5789787049493917
2022-08-10,2.982647022410511,1.2947271675944,1.5769147207285403,3.080532896273726,1.3029127521808397,1.589235205116581
2022-08-11,3.0056826421764384,1.3110318766193438,1.5851452198650557,2.982647022410511,1.2947271675944,1.5769147207285403
2022-08-12,2.971951780047087,1.3029127521808397,1.5769147207285403,3.0056826421764384,1.3110318766193438,1.5851452198650557
2022-08-15,2.993229181578451,1.2947271675944,1.5644405465033646,2.971951780047087,1.3029127521808397,1.5769147207285403
2022-08-16,2.980110919774326,1.3001916620664788,1.5686159179138452,2.993229181578451,1.2947271675944,1.5644405465033646
2022-08-17,2.9907197125611136,1.3190856114264407,1.5851452198650557,2.980110919774326,1.3001916620664788,1.5686159179138452
2022-08-18,2.973486637303112,1.3137236682850553,1.5810384379124025,2.9907197125611136,1.3190856114264407,1.5851452198650557
2022-08-19,3.025291094313483,1.3402504226184837,1.601405740736836,2.973486637303112,1.3137236682850553,1.5810384379124025
2022-08-22,3.169685548621149,1.3532545070416904,1.6174060820832772,3.025291094313483,1.3402504226184837,1.601405740736836
2022-08-23,3.182626717508366,1.355835153635182,1.6174060820832772,3.169685548621149,1.3532545070416904,1.6174060820832772
2022-08-24,3.1276373310607575,1.3686394258811698,1.6253112615903906,3.182626717508366,1.355835153635182,1.6174060820832772
2022-08-25,3.0809921490312377,1.3506671834767394,1.6114359150967734,3.1276373310607575,1.3686394258811698,1.6253112615903906
2022-08-26,3.241028608615061,1.3532545070416904,1.6134299337036377,3.0809921490312377,1.3506671834767394,1.6114359150967734
2022-08-29,3.266140982404855,1.3711807233098425,1.631199404215613,3.241028608615061,1.3532545070416904,1.6134299337036377
2022-08-30,3.266140982404855,1.3711807233098425,1.6351056591826783,3.266140982404855,1.3711807233098425,1.631199404215613
2022-08-31,3.253084028638347,1.3862943611198906,1.6448050562713916,3.266140982404855,1.3711807233098425,1.6351056591826783
2022-09-01,3.241028608615061,1.415853163361435,1.673351238177753,3.253084028638347,1.3862943611198906,1.6448050562713916
2022-09-02,3.237501262032374,1.3987168811184478,1.6563214983329508,3.241028608615061,1.415853163361435,1.673351238177753
2022-09-06,3.29249795906851,1.4350845252893227,1.6845453849209058,3.237501262032374,1.3987168811184478,1.6563214983329508
2022-09-07,3.2043711138945574,1.415853163361435,1.6714733033535532,3.29249795906851,1.4350845252893227,1.6845453849209058
2022-09-08,3.1616703769488215,1.4206957878372228,1.673351238177753,3.2043711138945574,1.415853163361435,1.6714733033535532
2022-09-09,3.12632188342992,1.425515074273172,1.6752256529721035,3.1616703769488215,1.4206957878372228,1.673351238177753
2022-09-12,3.1726224755092383,1.4327007339340465,1.6770965609079151,3.12632188342992,1.425515074273172,1.6752256529721035
2022-09-13,3.3057872136438435,1.451613827240533,1.6956156086751528,3.1726224755092383,1.4327007339340465,1.6770965609079151
2022-09-14,3.2642315207561277,1.449269160281279,1.6937790608678513,3.3057872136438435,1.451613827240533,1.6956156086751528
2022-09-15,3.268427621122788,1.4562867329399256,1.7011051009599243,3.2642315207561277,1.449269160281279,1.6937790608678513
2022-09-16,3.269568910174614,1.4586150226995167,1.7047480922384253,3.268427621122788,1.4562867329399256,1.7011051009599243
2022-09-19,3.248822910121317,1.4655675420143985,1.7119945007591924,3.269568910174614,1.4586150226995167,1.7047480922384253
2022-09-20,3.3017452970723844,1.47932922708708,1.7227665977411035,3.248822910121317,1.4655675420143985,1.7119945007591924
2022-09-21,3.3318472953500904,1.4701758451005926,1.7173950539391927,3.3017452970723844,1.47932922708708,1.7227665977411035
2022-09-22,3.308716542815695,1.5085119938441398,1.747459210331475,3.3318472953500904,1.4701758451005926,1.7173950539391927
2022-09-23,3.398527155656208,1.5151272329628591,1.7561322915849038,3.308716542815695,1.5085119938441398,1.747459210331475
2022-09-26,3.4738280206677126,1.5518087995974639,1.7900914121273581,3.398527155656208,1.5151272329628591,1.7561322915849038
2022-09-27,3.4843122415665593,1.5810384379124025,1.8115620965242347,3.4738280206677126,1.5518087995974639,1.7900914121273581
2022-09-28,3.4071794634515578,1.536867219599265,1.7833912195575383,3.4843122415665593,1.5810384379124025,1.8115620965242347
2022-09-29,3.4607233657685157,1.5539252025038417,1.80005827204275,3.4071794634515578,1.536867219599265,1.7833912195575383
2022-09-30,3.4537898583225464,1.5602476682433286,1.8082887711792655,3.4607233657685157,1.5539252025038417,1.80005827204275
2022-10-03,3.404525184428243,1.5303947050936475,1.7833912195575383,3.4537898583225464,1.5602476682433286,1.8082887711792655
2022-10-04,3.3697067040728217,1.5195132049061133,1.7732559976634952,3.404525184428243,1.5303947050936475,1.7833912195575383
2022-10-05,3.3516569093790958,1.536867219599265,1.7884205679625405,3.3697067040728217,1.5195132049061133,1.7732559976634952
2022-10-06,3.4183822214150656,1.547562508716013,1.7950872593207297,3.3516569093790958,1.536867219599265,1.7884205679625405
2022-10-07,3.4455332149449482,1.5644405465033646,1.8082887711792655,3.4183822214150656,1.547562508716013,1.7950872593207297
2022-10-10,3.47970046666133,1.5644405465033646,1.809926773183504,3.4455332149449482,1.5644405465033646,1.8082887711792655
2022-10-11,3.5154185575129637,1.5830939370944985,1.8261608959453874,3.47970046666133,1.5644405465033646,1.809926773183504
2022-10-12,3.513632801901214,1.5789787049493917,1.827769906751088,3.5154185575129637,1.5830939370944985,1.8261608959453874
2022-10-13,3.463859159507518,1.5973653311998313,1.843719208158766,3.513632801901214,1.5789787049493917,1.827769906751088
2022-10-14,3.4663607218647483,1.6034198401085373,1.8500283773520307,3.463859159507518,1.5973653311998313,1.843719208158766
2022-10-17,3.4458520489553246,1.601405740736836,1.8468787684491346,3.4663607218647483,1.6034198401085373,1.8500283773520307
2022-10-18,3.417726683613366,1.5933085305042167,1.840549633397487,3.4458520489553246,1.601405740736836,1.8468787684491346
2022-10-19,3.4262151520783353,1.6193882432872684,1.860974538249528,3.417726683613366,1.5933085305042167,1.840549633397487
2022-10-20,3.400530477405483,1.6351056591826783,1.8748743759385615,3.4262151520783353,1.6193882432872684,1.860974538249528
2022-10-21,3.3908103067634627,1.6331544390514163,1.873339456220478,3.400530477405483,1.6351056591826783,1.8748743759385615
2022-10-24,3.396184852618166,1.6351056591826783,1.8718021769015913,3.3908103067634627,1.6331544390514163,1.873339456220478
2022-10-25,3.34849956049279,1.6094379124341003,1.851599469584072,3.396184852618166,1.6351056591826783,1.8718021769015913
2022-10-26,3.3061538581455507,1.5973653311998313,1.8421356765531218,3.34849956049279,1.6094379124341003,1.851599469584072
2022-10-27,3.310177960991249,1.5789787049493917,1.827769906751088,3.3061538581455507,1.5973653311998313,1.8421356765531218
2022-10-28,3.248434627109745,1.5912739418064292,1.8357763546448294,3.310177960991249,1.5789787049493917,1.827769906751088
2022-10-31,3.2534704372048244,1.6034198401085373,1.8468787684491346,3.248434627109745,1.5912739418064292,1.8357763546448294
2022-11-01,3.2507619930386347,1.601405740736836,1.843719208158766,3.2534704372048244,1.6034198401085373,1.8468787684491346
2022-11-02,3.2526973969458597,1.6034198401085373,1.8468787684491346,3.2507619930386347,1.601405740736836,1.843719208158766
2022-11-03,3.2308043655777645,1.6213664832993742,1.8594181177018698,3.2526973969458597,1.6034198401085373,1.8468787684491346
2022-11-04,3.200711823163566,1.6213664832993742,1.8594181177018698,3.2308043655777645,1.6213664832993742,1.8594181177018698
2022-11-07,3.1925318651947063,1.631199404215613,1.8625285401162623,3.200711823163566,1.6213664832993742,1.8594181177018698
2022-11-08,3.2402458864511954,1.6174060820832772,1.8500283773520307,3.1925318651947063,1.631199404215613,1.8625285401162623
2022-11-09,3.261552104997157,1.6114359150967734,1.8453002361560848,3.2402458864511954,1.6174060820832772,1.8500283773520307
2022-11-10,3.158276231920975,1.5518087995974639,1.7950872593207297,3.261552104997157,1.6114359150967734,1.8453002361560848
2022-11-11,3.1144038235984732,1.5518087995974639,1.7950872593207297,3.158276231920975,1.5518087995974639,1.7950872593207297
2022-11-14,3.1667400511571677,1.5539252025038417,1.791759469228055,3.1144038235984732,1.5518087995974639,1.7950872593207297
2022-11-15,3.2003044765903175,1.534714366238164,1.7715567619105355,3.1667400511571677,1.5539252025038417,1.791759469228055
2022-11-16,3.182626717508366,1.5195132049061133,1.7578579175523736,3.2003044765903175,1.534714366238164,1.7715567619105355
2022-11-17,3.175132914673135,1.534714366238164,1.7698546338400052,3.182626717508366,1.5195132049061133,1.7578579175523736
2022-11-18,3.1406980801031983,1.541159071680806,1.7732559976634952,3.175132914673135,1.534714366238164,1.7698546338400052
2022-11-21,3.1072736755834796,1.541159071680806,1.7732559976634952,3.1406980801031983,1.541159071680806,1.7732559976634952
2022-11-22,3.058237521908081,1.5282278570085572,1.7613002617433464,3.1072736755834796,1.541159071680806,1.7732559976634952
2022-11-23,3.013080930634045,1.5107219394949427,1.749199854809259,3.058237521908081,1.5282278570085572,1.7613002617433464
2022-11-25,3.0204248861443626,1.5085119938441398,1.747459210331475,3.013080930634045,1.5107219394949427,1.749199854809259
2022-11-28,3.100542596684933,1.5085119938441398,1.7457155307266483,3.0204248861443626,1.5085119938441398,1.747459210331475
2022-11-29,3.086029883652105,1.5238800240724537,1.7561322915849038,3.100542596684933,1.5085119938441398,1.7457155307266483
2022-11-30,3.0243197266987147,1.5040773967762742,1.742219023667919,3.086029883652105,1.5238800240724537,1.7561322915849038
2022-12-01,2.9877001095476485,1.472472057360943,1.713797927758343,3.0243197266987147,1.5040773967762742,1.742219023667919
2022-12-02,2.9475918702062436,1.463255402256019,1.7083778602890038,2.9877001095476485,1.472472057360943,1.713797927758343
2022-12-05,3.0325462466767075,1.4883995840570443,1.728109442151599,2.9475918702062436,1.463255402256019,1.7083778602890038
2022-12-06,3.098740027069535,1.4747630091074988,1.7173950539391927,3.0325462466767075,1.4883995840570443,1.728109442151599
2022-12-07,3.1214834923152734,1.451613827240533,1.6992786164338898,3.098740027069535,1.4747630091074988,1.7173950539391927
2022-12-08,3.104138188471233,1.4586150226995167,1.7047480922384253,3.1214834923152734,1.451613827240533,1.6992786164338898
2022-12-09,3.1280754571998757,1.4838746894587547,1.7191887763932197,3.104138188471233,1.4586150226995167,1.7047480922384253
2022-12-12,3.2188758248682006,1.4861396960896067,1.7209792871670078,3.1280754571998757,1.4838746894587547,1.7191887763932197
2022-12-13,3.1157350321154516,1.4655675420143985,1.6992786164338898,3.2188758248682006,1.4861396960896067,1.7209792871670078
2022-12-14,3.0511669515702105,1.4609379041156563,1.6937790608678513,3.1157350321154516,1.4655675420143985,1.6992786164338898
2022-12-15,3.1280754571998757,1.463255402256019,1.6937790608678513,3.0511669515702105,1.4609379041156563,1.6937790608678513
2022-12-16,3.1188345077893618,1.4701758451005926,1.7011051009599243,3.1280754571998757,1.463255402256019,1.6937790608678513
2022-12-19,3.109953421046955,1.4929040961781488,1.7173950539391927,3.1188345077893618,1.4701758451005926,1.7011051009599243
2022-12-20,3.0671222483295058,1.5129270120532565,1.7334238922150915,3.109953421046955,1.4929040961781488,1.7173950539391927
2022-12-21,2.999226147602677,1.506297153514587,1.728109442151599,3.0671222483295058,1.5129270120532565,1.7334238922150915
2022-12-22,3.08967785514274,1.5085119938441398,1.7298840655099674,2.999226147602677,1.506297153514587,1.728109442151599
2022-12-23,3.0383127613015377,1.5216989981260935,1.7387102481382397,3.08967785514274,1.5085119938441398,1.7298840655099674
2022-12-27,3.0750054368286497,1.5432981099295553,1.7544036826842861,3.0383127613015377,1.5216989981260935,1.7387102481382397
2022-12-28,3.0973858997126693,1.5496879080283263,1.7578579175523736,3.0750054368286497,1.5432981099295553,1.7544036826842861
2022-12-29,3.065258361112005,1.536867219599265,1.7526720805200082,3.0973858997126693,1.5496879080283263,1.7578579175523736
2022-12-30,3.075928819068985,1.541159071680806,1.7544036826842861,3.065258361112005,1.536867219599265,1.7526720805200082
2023-01-03,3.131136893902127,1.536867219599265,1.7526720805200082,3.075928819068985,1.541159071680806,1.7544036826842861
2023-01-04,3.091496905937363,1.5216989981260935,1.7404661748405046,3.131136893902127,1.536867219599265,1.7526720805200082
2023-01-05,3.1117359085477254,1.5238800240724537,1.7439688053917064,3.091496905937363,1.5216989981260935,1.7404661748405046
2023-01-06,3.0506937919103403,1.4929040961781488,1.715598108262491,3.1117359085477254,1.5238800240724537,1.7439688053917064
2023-01-09,3.08967785514274,1.4816045409242156,1.7047480922384253,3.0506937919103403,1.4929040961781488,1.715598108262491
2023-01-10,3.0243197266987147,1.4951487660319727,1.7119945007591924,3.08967785514274,1.4816045409242156,1.7047480922384253
2023-01-11,3.0487990017257656,1.4747630091074988,1.6956156086751528,3.0243197266987147,1.4951487660319727,1.7119945007591924
2023-01-12,2.9354513386173378,1.449269160281279,1.673351238177753,3.0487990017257656,1.4747630091074988,1.6956156086751528
2023-01-13,2.90962959528912,1.463255402256019,1.682688374173693,2.9354513386173378,1.449269160281279,1.673351238177753
2023-01-17,2.963209113374854,1.463255402256019,1.6808279085207734,2.90962959528912,1.463255402256019,1.682688374173693
2023-01-18,3.0125893981222767,1.4327007339340465,1.6524974018945473,2.963209113374854,1.463255402256019,1.6808279085207734
2023-01-19,3.0214000426107397,1.4422019930581866,1.6601310267496185,3.0125893981222767,1.4327007339340465,1.6524974018945473
2023-01-20,2.9882040263508176,1.463255402256019,1.6752256529721035,3.0214000426107397,1.4422019930581866,1.6601310267496185
2023-01-23,2.986186833751468,1.472472057360943,1.6789639750827108,2.9882040263508176,1.463255402256019,1.6752256529721035
2023-01-24,2.954910318770165,1.4586150226995167,1.667706820558076,2.986186833751468,1.472472057360943,1.6789639750827108
2023-01-25,2.948640662021506,1.4562867329399256,1.665818245870208,2.954910318770165,1.4586150226995167,1.667706820558076
2023-01-26,2.930126492015865,1.463255402256019,1.6695918352538475,2.948640662021506,1.4562867329399256,1.665818245870208
2023-01-27,2.9183111389507133,1.4678743481123135,1.6714733033535532,2.930126492015865,1.463255402256019,1.6695918352538475
2023-01-30,2.9927277913169226,1.4770487243883548,1.6789639750827108,2.9183111389507133,1.4678743481123135,1.6714733033535532
2023-01-31,2.9652730464058945,1.4609379041156563,1.6695918352538475,2.9927277913169226,1.4770487243883548,1.6789639750827108
2023-02-01,2.8831233761345922,1.4422019930581866,1.6505798557652755,2.9652730464058945,1.4609379041156563,1.6695918352538475
2023-02-02,2.930126492015865,1.43746264769429,1.6428726885203377,2.8831233761345922,1.4422019930581866,1.6505798557652755
2023-02-03,2.908539057689369,1.4701758451005926,1.667706820558076,2.930126492015865,1.43746264769429,1.6428726885203377
2023-02-06,2.966818279095771,1.4929040961781488,1.6900958154515549,2.908539057689369,1.4701758451005926,1.667706820558076
2023-02-07,2.926382187241926,1.4973884086254774,1.6937790608678513,2.966818279095771,1.4929040961781488,1.6900958154515549
2023-02-08,2.9770589655357758,1.4929040961781488,1.6882490928583902,2.926382187241926,1.4973884086254774,1.6937790608678513
2023-02-09,3.030616631200474,1.5040773967762742,1.7011051009599243,2.9770589655357758,1.4929040961781488,1.6882490928583902
2023-02-10,3.021887264476799,1.5195132049061133,1.715598108262491,3.030616631200474,1.5040773967762742,1.7011051009599243
2023-02-13,3.0125893981222767,1.5129270120532565,1.713797927758343,3.021887264476799,1.5195132049061133,1.715598108262491
2023-02-14,2.9396908746012023,1.5216989981260935,1.724550719534605,3.0125893981222767,1.5129270120532565,1.713797927758343
2023-02-15,2.903068563580112,1.5282278570085572,1.7298840655099674,2.9396908746012023,1.5216989981260935,1.724550719534605
2023-02-16,3.004196355748666,1.5432981099295553,1.7387102481382397,2.903068563580112,1.5282278570085572,1.7298840655099674
2023-02-17,2.9967317967523925,1.536867219599265,1.7369512327330598,3.004196355748666,1.5432981099295553,1.7387102481382397
2023-02-21,3.129826044730509,1.5644405465033646,1.7613002617433464,2.9967317967523925,1.536867219599265,1.7369512327330598
2023-02-22,3.104138188471233,1.55814461804655,1.7595805708638197,3.129826044730509,1.5644405465033646,1.7613002617433464
2023-02-23,3.0511669515702105,1.547562508716013,1.7526720805200082,3.104138188471233,1.55814461804655,1.7595805708638197
2023-02-24,3.075928819068985,1.5665304114228238,1.7681496035889213,3.0511669515702105,1.547562508716013,1.7526720805200082
2023-02-27,3.042138682785304,1.5623463049002497,1.763017000362401,3.075928819068985,1.5665304114228238,1.7681496035889213
2023-02-28,3.0301337371283013,1.5644405465033646,1.7647307968401356,3.042138682785304,1.5623463049002497,1.763017000362401
2023-03-01,3.0243197266987147,1.5810384379124025,1.780024213009634,3.0301337371283013,1.5644405465033646,1.7647307968401356
2023-03-02,2.97501923974552,1.5871923034867805,1.7850704810772584,3.0243197266987147,1.5810384379124025,1.780024213009634
2023-03-03,2.917230033020351,1.5644405465033646,1.766441661243765,2.97501923974552,1.5871923034867805,1.7850704810772584
2023-03-06,2.9236991034511264,1.5686159179138452,1.7681496035889213,2.917230033020351,1.5644405465033646,1.766441661243765
2023-03-07,2.97501923974552,1.5769147207285403,1.7749523509116738,2.9236991034511264,1.5686159179138452,1.7681496035889213
2023-03-08,2.9502117901910383,1.5810384379124025,1.7817091333745536,2.97501923974552,1.5769147207285403,1.7749523509116738
2023-03-09,3.1183923132846396,1.5686159179138452,1.7715567619105355,2.9502117901910383,1.5810384379124025,1.7817091333745536
2023-03-10,3.2108436224072485,1.5260563034950492,1.7439688053917064,3.1183923132846396,1.5686159179138452,1.7715567619105355
2023-03-13,3.2778991825787354,1.4973884086254774,1.728109442151599,3.2108436224072485,1.5260563034950492,1.7439688053917064
2023-03-14,3.1667400511571677,1.5238800240724537,1.7509374747078,3.2778991825787354,1.4973884086254774,1.728109442151599
2023-03-15,3.2634666848467426,1.4906543764441336,1.7404661748405046,3.1667400511571677,1.5238800240724537,1.7509374747078
2023-03-16,3.1350593288193775,1.5107219394949427,1.7595805708638197,3.2634666848467426,1.4906543764441336,1.7404661748405046
2023-03-17,3.23907054112596,1.472472057360943,1.7334238922150915,3.1350593288193775,1.5107219394949427,1.7595805708638197
2023-03-20,3.1842843643027336,1.4861396960896067,1.742219023667919,3.23907054112596,1.472472057360943,1.7334238922150915
2023-03-21,3.0624558663436994,1.501852701754163,1.7457155307266483,3.1842843643027336,1.4861396960896067,1.742219023667919
2023-03-22,3.1027913561296017,1.4655675420143985,1.7119945007591924,3.0624558663436994,1.501852701754163,1.7457155307266483
2023-03-23,3.1183923132846396,1.4539530095937054,1.7011051009599243,3.1027913561296017,1.4655675420143985,1.7119945007591924
2023-03-24,3.07915387116492,1.451613827240533,1.7047480922384253,3.1183923132846396,1.4539530095937054,1.7011051009599243
2023-03-27,3.025291094313483,1.4861396960896067,1.728109442151599,3.07915387116492,1.451613827240533,1.7047480922384253
2023-03-28,2.994231113043872,1.4906543764441336,1.7351891177396608,3.025291094313483,1.4861396960896067,1.728109442151599
2023-03-29,2.9507349515162145,1.4929040961781488,1.7351891177396608,2.994231113043872,1.4906543764441336,1.7351891177396608
2023-03-30,2.9454910811847346,1.4838746894587547,1.7263316639055997,2.9507349515162145,1.4929040961781488,1.7351891177396608
2023-03-31,2.928523564659441,1.463255402256019,1.7101878155342434,2.9454910811847346,1.4838746894587547,1.7263316639055997
2023-04-03,2.9204697479246318,1.451613827240533,1.6956156086751528,2.928523564659441,1.463255402256019,1.7101878155342434
2023-04-04,2.9444389791664403,1.43746264769429,1.6808279085207734,2.9204697479246318,1.451613827240533,1.6956156086751528
2023-04-05,2.948640662021506,1.4279160358107101,1.6770965609079151,2.9444389791664403,1.43746264769429,1.6808279085207734
2023-04-06,2.9123506438828892,1.4279160358107101,1.6770965609079151,2.948640662021506,1.4279160358107101,1.6770965609079151
2023-04-10,2.942858747750533,1.4562867329399256,1.7011051009599243,2.9123506438828892,1.4279160358107101,1.6770965609079151
2023-04-11,2.949688355024821,1.4539530095937054,1.6992786164338898,2.942858747750533,1.4562867329399256,1.7011051009599243
2023-04-12,2.9491646457307357,1.4469189829363254,1.6900958154515549,2.949688355024821,1.4539530095937054,1.6992786164338898
2023-04-13,2.8791984144362717,1.4539530095937054,1.6937790608678513,2.9491646457307357,1.4469189829363254,1.6900958154515549
2023-04-14,2.8373225189284472,1.4678743481123135,1.7047480922384253,2.8791984144362717,1.4539530095937054,1.6937790608678513
2023-04-17,2.8302678788376356,1.4838746894587547,1.715598108262491,2.8373225189284472,1.4678743481123135,1.7047480922384253
2023-04-18,2.8231630036695035,1.4816045409242156,1.7119945007591924,2.8302678788376356,1.4838746894587547,1.715598108262491
2023-04-19,2.8009331396275767,1.4883995840570443,1.7173950539391927,2.8231630036695035,1.4816045409242156,1.7119945007591924
2023-04-20,2.8431636793528288,1.4747630091074988,1.706564623164823,2.8009331396275767,1.4883995840570443,1.7173950539391927
2023-04-21,2.8195916031316988,1.47932922708708,1.7119945007591924,2.8431636793528288,1.4747630091074988,1.706564623164823
2023-04-24,2.826721694682848,1.4678743481123135,1.7011051009599243,2.8195916031316988,1.47932922708708,1.7119945007591924
2023-04-25,2.9317269557786028,1.43746264769429,1.6770965609079151,2.826721694682848,1.4678743481123135,1.7011051009599243
2023-04-26,2.935982277247362,1.4539530095937054,1.6900958154515549,2.9317269557786028,1.43746264769429,1.6770965609079151
2023-04-27,2.8349765349943556,1.472472057360943,1.706564623164823,2.935982277247362,1.4539530095937054,1.6900958154515549
2023-04-28,2.7587432984957503,1.4539530095937054,1.691939133945844,2.8349765349943556,1.472472057360943,1.706564623164823
2023-05-01,2.777576259006172,1.4883995840570443,1.7191887763932197,2.7587432984957503,1.4539530095937054,1.691939133945844
2023-05-02,2.87807426870474,1.4539530095937054,1.6974487897568136,2.777576259006172,1.4883995840570443,1.7191887763932197
2023-05-03,2.909084475148269,1.43746264769429,1.6845453849209058,2.87807426870474,1.4539530095937054,1.6974487897568136
2023-05-04,3.000222186422059,1.4445632692438664,1.691939133945844,2.909084475148269,1.43746264769429,1.6845453849209058
2023-05-05,2.8443278504626814,1.4562867329399256,1.7047480922384253,3.000222186422059,1.4445632692438664,1.691939133945844
2023-05-08,2.83203615392421,1.4770487243883548,1.7191887763932197,2.8443278504626814,1.4562867329399256,1.7047480922384253
2023-05-09,2.8741294000992386,1.47932922708708,1.7227665977411035,2.83203615392421,1.4770487243883548,1.7191887763932197
2023-05-10,2.8296777207503316,1.4586150226995167,1.7047480922384253,2.8741294000992386,1.47932922708708,1.7227665977411035
2023-05-11,2.829087214170784,1.449269160281279,1.6992786164338898,2.8296777207503316,1.4586150226995167,1.7047480922384253
2023-05-12,2.8349765349943556,1.4655675420143985,1.7101878155342434,2.829087214170784,1.449269160281279,1.6992786164338898
2023-05-15,2.8402474197342373,1.4747630091074988,1.7173950539391927,2.8349765349943556,1.4655675420143985,1.7101878155342434
2023-05-16,2.8898160352397158,1.4861396960896067,1.7263316639055997,2.8402474197342373,1.4747630091074988,1.7173950539391927
2023-05-17,2.825536946304965,1.4929040961781488,1.7351891177396608,2.8898160352397158,1.4861396960896067,1.7263316639055997
2023-05-18,2.7757088020408553,1.5085119938441398,1.747459210331475,2.825536946304965,1.4929040961781488,1.7351891177396608
2023-05-19,2.8219739156502905,1.5173226235262947,1.7526720805200082,2.7757088020408553,1.5085119938441398,1.747459210331475
2023-05-22,2.8454905570260416,1.5195132049061133,1.7544036826842861,2.8219739156502905,1.5173226235262947,1.7526720805200082
2023-05-23,2.9193910773531506,1.5173226235262947,1.7509374747078,2.8454905570260416,1.5195132049061133,1.7544036826842861
2023-05-24,2.9972311839585806,1.5282278570085572,1.7595805708638197,2.9193910773531506,1.5173226235262947,1.7509374747078
2023-05-25,2.9517803541360115,1.541159071680806,1.7715567619105355,2.9972311839585806,1.5282278570085572,1.7595805708638197
2023-05-26,2.8875901574378777,1.5432981099295553,1.7732559976634952,2.9517803541360115,1.541159071680806,1.7715567619105355
2023-05-30,2.8599124979757535,1.5151272329628591,1.749199854809259,2.8875901574378777,1.5432981099295553,1.7732559976634952
2023-05-31,2.8870328863997474,1.5085119938441398,1.7457155307266483,2.8599124979757535,1.5151272329628591,1.749199854809259
2023-06-01,2.7504708926110997,1.4996230464268938,1.7387102481382397,2.8870328863997474,1.5085119938441398,1.7457155307266483
2023-06-02,2.6810215548423537,1.5195132049061133,1.7526720805200082,2.7504708926110997,1.4996230464268938,1.7387102481382397
2023-06-05,2.689886199397575,1.5195132049061133,1.7526720805200082,2.6810215548423537,1.5195132049061133,1.7526720805200082
2023-06-06,2.6361961000668175,1.5195132049061133,1.7526720805200082,2.689886199397575,1.5195132049061133,1.7526720805200082
2023-06-07,2.634762375230749,1.536867219599265,1.7647307968401356,2.6361961000668175,1.5195132049061133,1.7526720805200082
2023-06-08,2.6137394936844682,1.5260563034950492,1.7544036826842861,2.634762375230749,1.536867219599265,1.7647307968401356
2023-06-09,2.6268401401601125,1.534714366238164,1.763017000362401,2.6137394936844682,1.5260563034950492,1.7544036826842861
2023-06-12,2.7087166608939937,1.5325568680981427,1.7595805708638197,2.6268401401601125,1.534714366238164,1.763017000362401
2023-06-13,2.681706202263446,1.547562508716013,1.7715567619105355,2.7087166608939937,1.5325568680981427,1.7595805708638197
2023-06-14,2.630448963323681,1.5432981099295553,1.7681496035889213,2.681706202263446,1.547562508716013,1.7715567619105355
2023-06-15,2.6741486494265287,1.5260563034950492,1.7526720805200082,2.630448963323681,1.5432981099295553,1.7681496035889213
2023-06-16,2.605648264666775,1.5325568680981427,1.7578579175523736,2.6741486494265287,1.5260563034950492,1.7526720805200082
2023-06-20,2.630448963323681,1.5260563034950492,1.7509374747078,2.605648264666775,1.5325568680981427,1.7578579175523736
2023-06-21,2.5802168151427143,1.5260563034950492,1.7509374747078,2.630448963323681,1.5260563034950492,1.7509374747078
2023-06-22,2.5580021930391945,1.541159071680806,1.7613002617433464,2.5802168151427143,1.5260563034950492,1.7509374747078
2023-06-23,2.598235303873522,1.5325568680981427,1.7561322915849038,2.5580021930391945,1.541159071680806,1.7613002617433464
2023-06-26,2.6567569067146595,1.5282278570085572,1.7509374747078,2.598235303873522,1.5325568680981427,1.7561322915849038
2023-06-27,2.6203112701361366,1.536867219599265,1.7595805708638197,2.6567569067146595,1.5282278570085572,1.7509374747078
2023-06-28,2.5974910332585845,1.5282278570085572,1.7509374747078,2.6203112701361366,1.536867219599265,1.7595805708638197
2023-06-29,2.605648264666775,1.5539252025038417,1.7681496035889213,2.5974910332585845,1.5282278570085572,1.7509374747078
2023-06-30,2.609334239391006,1.5432981099295553,1.763017000362401,2.605648264666775,1.5539252025038417,1.7681496035889213
2023-07-03,2.6078614513577736,1.5539252025038417,1.7698546338400052,2.609334239391006,1.5432981099295553,1.763017000362401
2023-07-05,2.6518325426255456,1.5623463049002497,1.7749523509116738,2.6078614513577736,1.5539252025038417,1.7698546338400052
2023-07-06,2.7369615174193824,1.5851452198650557,1.7934247485471162,2.6518325426255456,1.5623463049002497,1.7749523509116738
2023-07-07,2.6966521510052726,1.5851452198650557,1.791759469228055,2.7369615174193824,1.5851452198650557,1.7934247485471162
2023-07-10,2.7127059923878543,1.5748464676644813,1.7833912195575383,2.6966521510052726,1.5851452198650557,1.791759469228055
2023-07-11,2.697326248021437,1.5706970841176697,1.7783364488959144,2.7127059923878543,1.5748464676644813,1.7833912195575383
2023-07-12,2.605648264666775,1.5432981099295553,1.7544036826842861,2.697326248021437,1.5706970841176697,1.7783364488959144
2023-07-13,2.6108047914376025,1.5238800240724537,1.7351891177396608,2.605648264666775,1.5432981099295553,1.7544036826842861
2023-07-14,2.5907670519258503,1.541159071680806,1.747459210331475,2.6108047914376025,1.5238800240724537,1.7351891177396608
2023-07-17,2.601207071525431,1.5390154481375546,1.747459210331475,2.5907670519258503,1.541159071680806,1.747459210331475
2023-07-18,2.5877640495686753,1.536867219599265,1.7457155307266483,2.601207071525431,1.5390154481375546,1.747459210331475
2023-07-19,2.621765849139052,1.5260563034950492,1.7369512327330598,2.5877640495686753,1.536867219599265,1.7457155307266483
2023-07-20,2.638342772317001,1.545432582458188,1.7526720805200082,2.621765849139052,1.5260563034950492,1.7369512327330598
2023-07-21,2.6100698207912507,1.545432582458188,1.7509374747078,2.638342772317001,1.545432582458188,1.7526720805200082
2023-07-24,2.632607994965697,1.5518087995974639,1.7544036826842861,2.6100698207912507,1.545432582458188,1.7509374747078
2023-07-25,2.6290069689909954,1.556037135706985,1.7561322915849038,2.632607994965697,1.5518087995974639,1.7544036826842861
2023-07-26,2.5794589349159778,1.547562508716013,1.749199854809259,2.6290069689909954,1.556037135706985,1.7561322915849038
2023-07-27,2.667922399422403,1.5706970841176697,1.7647307968401356,2.5794589349159778,1.547562508716013,1.749199854809259
2023-07-28,2.5900171284671405,1.5602476682433286,1.7561322915849038,2.667922399422403,1.5706970841176697,1.7647307968401356
2023-07-31,2.6122732541046934,1.55814461804655,1.7526720805200082,2.5900171284671405,1.5602476682433286,1.7561322915849038
2023-08-01,2.6340448096995233,1.5748464676644813,1.7647307968401356,2.6122732541046934,1.55814461804655,1.7526720805200082
2023-08-02,2.7781979704876907,1.5830939370944985,1.7732559976634952,2.6340448096995233,1.5748464676644813,1.7647307968401356
2023-08-03,2.7675761852085703,1.6034198401085373,1.7884205679625405,2.7781979704876907,1.5830939370944985,1.7732559976634952
2023-08-04,2.8390784858167852,1.5789787049493917,1.7681496035889213,2.7675761852085703,1.6034198401085373,1.7884205679625405
2023-08-07,2.7581094300024462,1.5830939370944985,1.7715567619105355,2.8390784858167852,1.5789787049493917,1.7681496035889213
2023-08-08,2.771963512531802,1.572773928062509,1.7647307968401356,2.7581094300024462,1.5830939370944985,1.7715567619105355
2023-08-09,2.770085594411824,1.5706970841176697,1.7647307968401356,2.771963512531802,1.572773928062509,1.7647307968401356
2023-08-10,2.76316952439078,1.589235205116581,1.7783364488959144,2.770085594411824,1.5706970841176697,1.7647307968401356
2023-08-11,2.697326248021437,1.599387576580599,1.7884205679625405,2.76316952439078,1.589235205116581,1.7783364488959144
2023-08-14,2.695977599275783,1.6034198401085373,1.7934247485471162,2.697326248021437,1.599387576580599,1.7884205679625405
2023-08-15,2.8009331396275767,1.6094379124341003,1.7984040119467235,2.695977599275783,1.6034198401085373,1.7934247485471162
2023-08-16,2.8201877419595305,1.6193882432872684,1.8066480817218056,2.8009331396275767,1.6094379124341003,1.7984040119467235
2023-08-17,2.884241863403715,1.6213664832993742,1.809926773183504,2.8201877419595305,1.6193882432872684,1.8066480817218056
2023-08-18,2.8507064574031857,1.6174060820832772,1.8066480817218056,2.884241863403715,1.6213664832993742,1.809926773183504
2023-08-21,2.840831263344002,1.6331544390514163,1.8196988379172965,2.8507064574031857,1.6174060820832772,1.8066480817218056
2023-08-22,2.8314470387838178,1.62924053973028,1.8180767775454285,2.840831263344002,1.6331544390514163,1.8196988379172965
2023-08-23,2.771337911692091,1.601405740736836,1.7967470107390942,2.8314470387838178,1.62924053973028,1.8180767775454285
2023-08-24,2.844909428176351,1.6074359097634274,1.801709800081223,2.771337911692091,1.601405740736836,1.7967470107390942
2023-08-25,2.752386034385003,1.6074359097634274,1.803358605071407,2.844909428176351,1.6074359097634274,1.801709800081223
2023-08-28,2.7133693575205298,1.6034198401085373,1.7984040119467235,2.752386034385003,1.6074359097634274,1.803358605071407
2023-08-29,2.6706944013587965,1.5851452198650557,1.7817091333745536,2.7133693575205298,1.6034198401085373,1.7984040119467235
2023-08-30,2.630448963323681,1.5851452198650557,1.7817091333745536,2.6706944013587965,1.5851452198650557,1.7817091333745536
2023-08-31,2.6078614513577736,1.5830939370944985,1.7783364488959144,2.630448963323681,1.5851452198650557,1.7817091333745536
2023-09-01,2.5718485915786373,1.599387576580599,1.7900914121273581,2.6078614513577736,1.5830939370944985,1.7783364488959144
2023-09-05,2.6397713766859487,1.6134299337036377,1.803358605071407,2.5718485915786373,1.599387576580599,1.7900914121273581
2023-09-06,2.6706944013587965,1.6193882432872684,1.809926773183504,2.6397713766859487,1.6134299337036377,1.803358605071407
2023-09-07,2.6672281800910014,1.6134299337036377,1.803358605071407,2.6706944013587965,1.6193882432872684,1.809926773183504
2023-09-08,2.62756296121466,1.6114359150967734,1.801709800081223,2.6672281800910014,1.6134299337036377,1.803358605071407
2023-09-11,2.624668605984526,1.6154199841116479,1.8050046959780757,2.62756296121466,1.6114359150967734,1.801709800081223
2023-09-12,2.655352379932845,1.6154199841116479,1.8050046959780757,2.624668605984526,1.6154199841116479,1.8050046959780757
2023-09-13,2.601207071525431,1.6134299337036377,1.803358605071407,2.655352379932845,1.6154199841116479,1.8050046959780757
2023-09-14,2.551006427687861,1.6174060820832772,1.8050046959780757,2.601207071525431,1.6134299337036377,1.803358605071407
2023-09-15,2.6239436890389327,1.6253112615903906,1.809926773183504,2.551006427687861,1.6174060820832772,1.8050046959780757
2023-09-18,2.6390573296152584,1.623340817603092,1.809926773183504,2.6239436890389327,1.6253112615903906,1.809926773183504
2023-09-19,2.6468837415328474,1.631199404215613,1.814824742159051,2.6390573296152584,1.623340817603092,1.809926773183504
2023-09-20,2.7173402706858383,1.631199404215613,1.8164520818184267,2.6468837415328474,1.631199404215613,1.814824742159051
2023-09-21,2.8644840391405775,1.6486586255873816,1.8293763327993617,2.7173402706858383,1.631199404215613,1.8164520818184267
2023-09-22,2.844909428176351,1.6370530794670737,1.8196988379172965,2.8644840391405775,1.6486586255873816,1.8293763327993617
2023-09-25,2.8273135993568546,1.6563214983329508,1.8325814637483102,2.844909428176351,1.6370530794670737,1.8196988379172965
2023-09-26,2.941276115955272,1.6601310267496185,1.8341801851120072,2.8273135993568546,1.6563214983329508,1.8325814637483102
2023-09-27,2.9025198541454498,1.6714733033535532,1.8453002361560848,2.941276115955272,1.6601310267496185,1.8341801851120072
2023-09-28,2.8530159801521586,1.665818245870208,1.8421356765531218,2.9025198541454498,1.6714733033535532,1.8453002361560848
2023-09-29,2.8633431116363086,1.6639260977181702,1.840549633397487,2.8530159801521586,1.665818245870208,1.8421356765531218
2023-10-02,2.8684669571674872,1.6863989535702288,1.8625285401162623,2.8633431116363086,1.6639260977181702,1.840549633397487
2023-10-03,2.9846713609086963,1.706564623164823,1.8825138324965192,2.8684669571674872,1.6863989535702288,1.8625285401162623
2023-10-04,2.922085729279452,1.691939133945844,1.8702625307159986,2.9846713609086963,1.706564623164823,1.8825138324965192
2023-10-05,2.917230033020351,1.6882490928583902,1.8687205103641833,2.922085729279452,1.691939133945844,1.8702625307159986
2023-10-06,2.8593396923698937,1.7011051009599243,1.8779371654691073,2.917230033020351,1.6882490928583902,1.8687205103641833
2023-10-09,2.8735646826837065,1.7011051009599243,1.8794650496471605,2.8593396923698937,1.7011051009599243,1.8779371654691073
2023-10-10,2.8349765349943556,1.673351238177753,1.8562979903656263,2.8735646826837065,1.7011051009599243,1.8794650496471605
2023-10-11,2.7781979704876907,1.6620303625532709,1.8484548129046001,2.8349765349943556,1.673351238177753,1.8562979903656263
2023-10-12,2.814809769672402,1.6863989535702288,1.8656293177945105,2.7781979704876907,1.6620303625532709,1.8484548129046001
2023-10-13,2.961140812988524,1.673351238177753,1.8562979903656263,2.814809769672402,1.6863989535702288,1.8656293177945105
2023-10-16,2.8454905570260416,1.6863989535702288,1.8671761085128091,2.961140812988524,1.673351238177753,1.8562979903656263
2023-10-17,2.883682722808376,1.7083778602890038,1.8855533485144158,2.8454905570260416,1.6863989535702288,1.8671761085128091
2023-10-18,2.955951367816573,1.7191887763932197,1.8961194845522977,2.883682722808376,1.7083778602890038,1.8855533485144158
2023-10-19,3.0633909042021177,1.7298840655099674,1.9050881545350582,2.955951367816573,1.7191887763932197,1.8961194845522977
2023-10-20,3.077772941719433,1.7191887763932197,1.8976198599275322,3.0633909042021177,1.7298840655099674,1.9050881545350582
2023-10-23,3.014063271438193,1.7101878155342434,1.888583653863595,3.077772941719433,1.7191887763932197,1.8976198599275322
2023-10-24,2.942858747750533,1.7029282555214393,1.884034745337226,3.014063271438193,1.7101878155342434,1.888583653863595
2023-10-25,3.0051874587763363,1.7209792871670078,1.8976198599275322,2.942858747750533,1.7029282555214393,1.884034745337226
2023-10-26,3.0291670643972775,1.7047480922384253,1.884034745337226,3.0051874587763363,1.7209792871670078,1.8976198599275322
2023-10-27,3.0572976507337097,1.7029282555214393,1.8825138324965192,3.0291670643972775,1.7047480922384253,1.884034745337226
2023-10-30,2.9831534913471307,1.7101878155342434,1.890095369948917,3.0572976507337097,1.7029282555214393,1.8825138324965192
2023-10-31,2.8981194110402666,1.715598108262491,1.8961194845522977,2.9831534913471307,1.7101878155342434,1.890095369948917
2023-11-01,2.825536946304965,1.691939133945844,1.8764069432883397,2.8981194110402666,1.715598108262491,1.8961194845522977
2023-11-02,2.751109680818858,1.673351238177753,1.860974538249528,2.825536946304965,1.691939133945844,1.8764069432883397
2023-11-03,2.7020321185427174,1.6544112780768316,1.8421356765531218,2.751109680818858,1.673351238177753,1.860974538249528
2023-11-06,2.700689869753188,1.667706820558076,1.8547342683894434,2.7020321185427174,1.6544112780768316,1.8421356765531218
2023-11-07,2.6953026566130425,1.6563214983329508,1.8453002361560848,2.700689869753188,1.667706820558076,1.8547342683894434
2023-11-08,2.6706944013587965,1.6467336971777973,1.8389610707123492,2.6953026566130425,1.6563214983329508,1.8453002361560848
2023-11-09,2.727199017446074,1.6714733033535532,1.8562979903656263,2.6706944013587965,1.6467336971777973,1.8389610707123492
2023-11-10,2.651127059086777,1.667706820558076,1.8531680973566984,2.727199017446074,1.6714733033535532,1.8562979903656263
2023-11-13,2.691920834679226,1.665818245870208,1.851599469584072,2.651127059086777,1.667706820558076,1.8531680973566984
2023-11-14,2.6504210774895927,1.62924053973028,1.8164520818184267,2.691920834679226,1.665818245870208,1.851599469584072
2023-11-15,2.6518325426255456,1.6467336971777973,1.8293763327993617,2.6504210774895927,1.62924053973028,1.8164520818184267
2023-11-16,2.6616571402213416,1.631199404215613,1.814824742159051,2.6518325426255456,1.6467336971777973,1.8293763327993617
2023-11-17,2.624668605984526,1.62924053973028,1.81319474994812,2.6616571402213416,1.631199404215613,1.814824742159051
2023-11-20,2.5960006859149227,1.623340817603092,1.8082887711792655,2.624668605984526,1.62924053973028,1.81319474994812
2023-11-21,2.5915164134207695,1.6213664832993742,1.803358605071407,2.5960006859149227,1.623340817603092,1.8082887711792655
2023-11-22,2.5533438410275884,1.6174060820832772,1.801709800081223,2.5915164134207695,1.6213664832993742,1.803358605071407
2023-11-24,2.5225235164208617,1.62924053973028,1.809926773183504,2.5533438410275884,1.6174060820832772,1.801709800081223
2023-11-27,2.540814248659574,1.6114359150967734,1.7934247485471162,2.5225235164208617,1.62924053973028,1.809926773183504
2023-11-28,2.540814248659574,1.599387576580599,1.7833912195575383,2.540814248659574,1.6114359150967734,1.7934247485471162
2023-11-29,2.5634096760090963,1.5830939370944985,1.766441661243765,2.540814248659574,1.599387576580599,1.7833912195575383
2023-11-30,2.55877650425956,1.5933085305042167,1.7783364488959144,2.5634096760090963,1.5830939370944985,1.766441661243765
2023-12-01,2.5360749454234384,1.5686159179138452,1.7561322915849038,2.55877650425956,1.5933085305042167,1.7783364488959144
2023-12-04,2.5710843401961823,1.5789787049493917,1.7647307968401356,2.5360749454234384,1.5686159179138452,1.7561322915849038
2023-12-05,2.5533438410275884,1.5623463049002497,1.7509374747078,2.5710843401961823,1.5789787049493917,1.7647307968401356
2023-12-06,2.562639018916541,1.5539252025038417,1.7457155307266483,2.5533438410275884,1.5623463049002497,1.7509374747078
2023-12-07,2.5695541559782002,1.5602476682433286,1.747459210331475,2.562639018916541,1.5539252025038417,1.7457155307266483
2023-12-08,2.5136560939622226,1.5769147207285403,1.7595805708638197,2.5695541559782002,1.5602476682433286,1.747459210331475
2023-12-11,2.5360749454234384,1.5789787049493917,1.7613002617433464,2.5136560939622226,1.5769147207285403,1.7595805708638197
2023-12-12,2.4907230098256137,1.5748464676644813,1.7544036826842861,2.5360749454234384,1.5789787049493917,1.7613002617433464
2023-12-13,2.5006159090701527,1.5303947050936475,1.715598108262491,2.4907230098256137,1.5748464676644813,1.7544036826842861
2023-12-14,2.5241273262614996,1.501852701754163,1.6882490928583902,2.5006159090701527,1.5303947050936475,1.715598108262491
2023-12-15,2.5079719009739794,1.5085119938441398,1.691939133945844,2.5241273262614996,1.501852701754163,1.6882490928583902
2023-12-18,2.530517194449025,1.5195132049061133,1.6992786164338898,2.5079719009739794,1.5085119938441398,1.691939133945844
2023-12-19,2.528125747596819,1.5151272329628591,1.6956156086751528,2.530517194449025,1.5195132049061133,1.6992786164338898
2023-12-20,2.615203656316981,1.506297153514587,1.6863989535702288,2.528125747596819,1.5151272329628591,1.6956156086751528
2023-12-21,2.6137394936844682,1.5107219394949427,1.6882490928583902,2.615203656316981,1.506297153514587,1.6863989535702288
2023-12-22,2.5672543706433686,1.5129270120532565,1.6900958154515549,2.6137394936844682,1.5107219394949427,1.6882490928583902
2023-12-26,2.564179813062659,1.5151272329628591,1.6882490928583902,2.5672543706433686,1.5129270120532565,1.6900958154515549
2023-12-27,2.5201129300741707,1.4929040961781488,1.6695918352538475,2.564179813062659,1.5151272329628591,1.6882490928583902
2023-12-28,2.523325781105642,1.501852701754163,1.6752256529721035,2.5201129300741707,1.4929040961781488,1.6695918352538475
2023-12-29,2.5217206075906473,1.506297153514587,1.6770965609079151,2.523325781105642,1.501852701754163,1.6752256529721035
2024-01-02,2.5802168151427143,1.5238800240724537,1.691939133945844,2.5217206075906473,1.506297153514587,1.6770965609079151
2024-01-03,2.641910395880644,1.5238800240724537,1.6937790608678513,2.5802168151427143,1.5238800240724537,1.691939133945844
2024-01-04,2.648300204795581,1.5390154481375546,1.706564623164823,2.641910395880644,1.5238800240724537,1.6937790608678513
2024-01-05,2.5915164134207695,1.547562508716013,1.7119945007591924,2.648300204795581,1.5390154481375546,1.706564623164823
2024-01-08,2.5710843401961823,1.536867219599265,1.7047480922384253,2.5915164134207695,1.547562508716013,1.7119945007591924
2024-01-09,2.5463152958540918,1.534714366238164,1.7011051009599243,2.5710843401961823,1.536867219599265,1.7047480922384253
2024-01-10,2.540814248659574,1.534714366238164,1.6992786164338898,2.5463152958540918,1.534714366238164,1.7011051009599243
2024-01-11,2.5209170535797867,1.5173226235262947,1.6863989535702288,2.540814248659574,1.534714366238164,1.6992786164338898
2024-01-12,2.541601978446052,1.506297153514587,1.6752256529721035,2.5209170535797867,1.5173226235262947,1.6863989535702288
2024-01-16,2.62756296121466,1.5260563034950492,1.691939133945844,2.541601978446052,1.506297153514587,1.6752256529721035
2024-01-17,2.6939512741434677,1.536867219599265,1.7047480922384253,2.62756296121466,1.5260563034950492,1.691939133945844
2024-01-18,2.648300204795581,1.5432981099295553,1.7047480922384253,2.6939512741434677,1.536867219599265,1.7047480922384253
2024-01-19,2.5877640495686753,1.545432582458188,1.706564623164823,2.648300204795581,1.5432981099295553,1.7047480922384253
2024-01-22,2.5794589349159778,1.541159071680806,1.7011051009599243,2.5877640495686753,1.545432582458188,1.706564623164823
2024-01-23,2.5297206807757897,1.547562508716013,1.706564623164823,2.5794589349159778,1.541159071680806,1.7011051009599243
2024-01-24,2.5756610391845274,1.5518087995974639,1.7101878155342434,2.5297206807757897,1.547562508716013,1.706564623164823
2024-01-25,2.598979091866817,1.5390154481375546,1.6974487897568136,2.5756610391845274,1.5518087995974639,1.7101878155342434
2024-01-26,2.58475200201879,1.5432981099295553,1.7011051009599243,2.598979091866817,1.5390154481375546,1.6974487897568136
2024-01-29,2.6100698207912507,1.5325568680981427,1.6900958154515549,2.58475200201879,1.5432981099295553,1.7011051009599243
2024-01-30,2.5885156639334435,1.534714366238164,1.691939133945844,2.6100698207912507,1.5325568680981427,1.6900958154515549
2024-01-31,2.663749968788886,1.5195132049061133,1.6789639750827108,2.5885156639334435,1.534714366238164,1.691939133945844
2024-02-01,2.630448963323681,1.5040773967762742,1.6695918352538475,2.663749968788886,1.5195132049061133,1.6789639750827108
2024-02-02,2.6282852601762876,1.536867219599265,1.6956156086751528,2.630448963323681,1.5040773967762742,1.6695918352538475
2024-02-05,2.615203656316981,1.55814461804655,1.713797927758343,2.6282852601762876,1.536867219599265,1.6956156086751528
2024-02-06,2.5695541559782002,1.5432981099295553,1.7011051009599243,2.615203656316981,1.55814461804655,1.713797927758343
2024-02-07,2.551786172681018,1.545432582458188,1.706564623164823,2.5695541559782002,1.5432981099295553,1.7011051009599243
2024-02-08,2.548663612608189,1.5539252025038417,1.713797927758343,2.551786172681018,1.545432582458188,1.706564623164823
2024-02-09,2.5595502163859143,1.5602476682433286,1.7191887763932197,2.548663612608189,1.5539252025038417,1.713797927758343
2024-02-12,2.6340448096995233,1.5602476682433286,1.7173950539391927,2.5595502163859143,1.5602476682433286,1.7191887763932197
2024-02-13,2.76316952439078,1.589235205116581,1.7439688053917064,2.6340448096995233,1.5602476682433286,1.7173950539391927
2024-02-14,2.66583836025124,1.5769147207285403,1.7316555451583497,2.76316952439078,1.589235205116581,1.7439688053917064
2024-02-15,2.6397713766859487,1.5706970841176697,1.724550719534605,2.66583836025124,1.5769147207285403,1.7316555451583497
2024-02-16,2.656054889910667,1.5810384379124025,1.7334238922150915,2.6397713766859487,1.5706970841176697,1.724550719534605
2024-02-20,2.73566537308291,1.5748464676644813,1.7263316639055997,2.656054889910667,1.5810384379124025,1.7334238922150915
2024-02-21,2.7304638058861697,1.5830939370944985,1.7334238922150915,2.73566537308291,1.5748464676644813,1.7263316639055997
2024-02-22,2.6769034694817853,1.5830939370944985,1.7334238922150915,2.7304638058861697,1.5830939370944985,1.7334238922150915
2024-02-23,2.6210388241125804,1.5769147207285403,1.7263316639055997,2.6769034694817853,1.5830939370944985,1.7334238922150915
2024-02-26,2.6203112701361366,1.5830939370944985,1.7334238922150915,2.6210388241125804,1.5769147207285403,1.7263316639055997
2024-02-27,2.5974910332585845,1.589235205116581,1.7387102481382397,2.6203112701361366,1.5830939370944985,1.7334238922150915
2024-02-28,2.62756296121466,1.5830939370944985,1.7334238922150915,2.5974910332585845,1.589235205116581,1.7387102481382397
2024-02-29,2.5952546784889754,1.5830939370944985,1.7351891177396608,2.62756296121466,1.5830939370944985,1.7334238922150915
2024-03-01,2.573375271587755,1.5706970841176697,1.724550719534605,2.5952546784889754,1.5830939370944985,1.7351891177396608
2024-03-04,2.601948653252886,1.5748464676644813,1.7298840655099674,2.573375271587755,1.5706970841176697,1.724550719534605
2024-03-05,2.671386219368722,1.5623463049002497,1.7191887763932197,2.601948653252886,1.5748464676644813,1.7298840655099674
2024-03-06,2.6741486494265287,1.556037135706985,1.713797927758343,2.671386219368722,1.5623463049002497,1.7191887763932197
2024-03-07,2.6700021044053517,1.5518087995974639,1.7083778602890038,2.6741486494265287,1.556037135706985,1.713797927758343
2024-03-08,2.6905648712332506,1.547562508716013,1.7047480922384253,2.6700021044053517,1.5518087995974639,1.7083778602890038
2024-03-11,2.722610369978139,1.5518087995974639,1.7083778602890038,2.6905648712332506,1.547562508716013,1.7047480922384253
2024-03-12,2.62756296121466,1.5623463049002497,1.715598108262491,2.722610369978139,1.5518087995974639,1.7083778602890038
2024-03-13,2.6210388241125804,1.5623463049002497,1.7173950539391927,2.62756296121466,1.5623463049002497,1.715598108262491
2024-03-14,2.6672281800910014,1.5810384379124025,1.7298840655099674,2.6210388241125804,1.5623463049002497,1.7173950539391927
2024-03-15,2.667922399422403,1.5851452198650557,1.7334238922150915,2.6672281800910014,1.5810384379124025,1.7298840655099674
2024-03-18,2.662355236516009,1.5830939370944985,1.7334238922150915,2.667922399422403,1.5851452198650557,1.7334238922150915
2024-03-19,2.6261167962573397,1.5789787049493917,1.7263316639055997,2.662355236516009,1.5830939370944985,1.7334238922150915
2024-03-20,2.5680215535731254,1.5748464676644813,1.7227665977411035,2.6261167962573397,1.5789787049493917,1.7263316639055997
2024-03-21,2.55877650425956,1.5748464676644813,1.7191887763932197,2.5680215535731254,1.5748464676644813,1.7227665977411035
2024-03-22,2.5695541559782002,1.5644405465033646,1.7101878155342434,2.55877650425956,1.5748464676644813,1.7191887763932197
2024-03-25,2.5794589349159778,1.5706970841176697,1.715598108262491,2.5695541559782002,1.5644405465033646,1.7101878155342434
2024-03-26,2.583242533221714,1.5706970841176697,1.715598108262491,2.5794589349159778,1.5706970841176697,1.715598108262491
2024-03-27,2.5478814280551156,1.5644405465033646,1.7101878155342434,2.583242533221714,1.5706970841176697,1.715598108262491
2024-03-28,2.565718310117176,1.5644405465033646,1.7119945007591924,2.5478814280551156,1.5644405465033646,1.7101878155342434
2024-04-01,2.6137394936844682,1.589235205116581,1.7334238922150915,2.565718310117176,1.5644405465033646,1.7119945007591924
2024-04-02,2.681706202263446,1.5912739418064292,1.7351891177396608,2.6137394936844682,1.589235205116581,1.7334238922150915
2024-04-03,2.662355236516009,1.589235205116581,1.7316555451583497,2.681706202263446,1.5912739418064292,1.7351891177396608
2024-04-04,2.794227920674744,1.5810384379124025,1.724550719534605,2.662355236516009,1.589235205116581,1.7316555451583497
2024-04-05,2.774462009456489,1.599387576580599,1.7404661748405046,2.794227920674744,1.5810384379124025,1.724550719534605
2024-04-08,2.7206372889831454,1.6034198401085373,1.742219023667919,2.774462009456489,1.599387576580599,1.7404661748405046
2024-04-09,2.7067159475307503,1.5933085305042167,1.7334238922150915,2.7206372889831454,1.6034198401085373,1.742219023667919
2024-04-10,2.7600099521047476,1.62924053973028,1.7647307968401356,2.7067159475307503,1.5933085305042167,1.7334238922150915
2024-04-11,2.7020321185427174,1.631199404215613,1.766441661243765,2.7600099521047476,1.62924053973028,1.7647307968401356
2024-04-12,2.8512843383355686,1.6253112615903906,1.7613002617433464,2.7020321185427174,1.631199404215613,1.766441661243765
2024-04-15,2.956471535796025,1.6409365794934714,1.7749523509116738,2.8512843383355686,1.6253112615903906,1.7613002617433464
2024-04-16,2.9123506438828892,1.6524974018945473,1.7884205679625405,2.956471535796025,1.6409365794934714,1.7749523509116738
2024-04-17,2.9019708434634395,1.6389967146756448,1.776645831418007,2.9123506438828892,1.6524974018945473,1.7884205679625405
2024-04-18,2.8903717578961645,1.6467336971777973,1.7833912195575383,2.9019708434634395,1.6389967146756448,1.776645831418007
2024-04-19,2.9290580913534825,1.6448050562713916,1.7817091333745536,2.8903717578961645,1.6467336971777973,1.7833912195575383
2024-04-22,2.8296777207503316,1.6428726885203377,1.780024213009634,2.9290580913534825,1.6448050562713916,1.7817091333745536
2024-04-23,2.753023540000728,1.6370530794670737,1.7732559976634952,2.8296777207503316,1.6428726885203377,1.780024213009634
2024-04-24,2.7707119789475727,1.6448050562713916,1.7783364488959144,2.753023540000728,1.6370530794670737,1.7732559976634952
2024-04-25,2.7324175501047714,1.6563214983329508,1.7884205679625405,2.7707119789475727,1.6448050562713916,1.7783364488959144
2024-04-26,2.7100481859984953,1.6505798557652755,1.7817091333745536,2.7324175501047714,1.6563214983329508,1.7884205679625405
2024-04-29,2.685804597355568,1.6409365794934714,1.7732559976634952,2.7100481859984953,1.6505798557652755,1.7817091333745536
2024-04-30,2.7504708926110997,1.6524974018945473,1.7867469274045107,2.685804597355568,1.6409365794934714,1.7732559976634952
2024-05-01,2.733717970158959,1.6428726885203377,1.7783364488959144,2.7504708926110997,1.6524974018945473,1.7867469274045107
2024-05-02,2.6864860439749103,1.631199404215613,1.766441661243765,2.733717970158959,1.6428726885203377,1.7783364488959144
2024-05-03,2.601948653252886,1.6154199841116479,1.7509374747078,2.6864860439749103,1.631199404215613,1.766441661243765
2024-05-06,2.601948653252886,1.6134299337036377,1.749199854809259,2.601948653252886,1.6154199841116479,1.7509374747078
2024-05-07,2.582486943526435,1.6094379124341003,1.7439688053917064,2.601948653252886,1.6134299337036377,1.749199854809259
2024-05-08,2.5649493574615367,1.6154199841116479,1.7509374747078,2.582486943526435,1.6094379124341003,1.7439688053917064
2024-05-09,2.540814248659574,1.6114359150967734,1.747459210331475,2.5649493574615367,1.6154199841116479,1.7509374747078
2024-05-10,2.5297206807757897,1.6193882432872684,1.7544036826842861,2.540814248659574,1.6114359150967734,1.747459210331475
2024-05-13,2.6100698207912507,1.6193882432872684,1.7526720805200082,2.5297206807757897,1.6193882432872684,1.7544036826842861
2024-05-14,2.5967461372286285,1.6114359150967734,1.7457155307266483,2.6100698207912507,1.6193882432872684,1.7526720805200082
2024-05-15,2.5217206075906473,1.5933085305042167,1.728109442151599,2.5967461372286285,1.6114359150967734,1.7457155307266483
2024-05-16,2.5193080826481626,1.599387576580599,1.7334238922150915,2.5217206075906473,1.5933085305042167,1.728109442151599
2024-05-17,2.4840729499500287,1.6054298910365616,1.7387102481382397,2.5193080826481626,1.599387576580599,1.7334238922150915
2024-05-20,2.4973291383898717,1.6114359150967734,1.7404661748405046,2.4840729499500287,1.6054298910365616,1.7387102481382397
2024-05-21,2.4731713646216233,1.6074359097634274,1.7369512327330598,2.4973291383898717,1.6114359150967734,1.7404661748405046
2024-05-22,2.50878592047404,1.6114359150967734,1.7404661748405046,2.4731713646216233,1.6074359097634274,1.7369512327330598
2024-05-23,2.54709870589125,1.6213664832993742,1.749199854809259,2.50878592047404,1.6114359150967734,1.7404661748405046
2024-05-24,2.4790562616903595,1.6193882432872684,1.749199854809259,2.54709870589125,1.6213664832993742,1.749199854809259
2024-05-28,2.55877650425956,1.631199404215613,1.7578579175523736,2.4790562616903595,1.6193882432872684,1.749199854809259
2024-05-29,2.6588599382119416,1.6409365794934714,1.766441661243765,2.55877650425956,1.631199404215613,1.7578579175523736
2024-05-30,2.6720775590973527,1.631199404215613,1.7561322915849038,2.6588599382119416,1.6409365794934714,1.766441661243765
2024-05-31,2.55877650425956,1.6193882432872684,1.749199854809259,2.6720775590973527,1.631199404215613,1.7561322915849038
2024-06-03,2.573375271587755,1.6054298910365616,1.7351891177396608,2.55877650425956,1.6193882432872684,1.749199854809259
2024-06-04,2.5771819143023467,1.5933085305042167,1.7263316639055997,2.573375271587755,1.6054298910365616,1.7351891177396608
2024-06-05,2.5360749454234384,1.5871923034867805,1.7209792871670078,2.5771819143023467,1.5933085305042167,1.7263316639055997
2024-06-06,2.532108245207593,1.5871923034867805,1.7227665977411035,2.5360749454234384,1.5871923034867805,1.7209792871670078
2024-06-07,2.5030739755952336,1.6134299337036377,1.7439688053917064,2.532108245207593,1.5871923034867805,1.7227665977411035
2024-06-10,2.54474663217841,1.6174060820832772,1.749199854809259,2.5030739755952336,1.6134299337036377,1.7439688053917064
2024-06-11,2.5533438410275884,1.6054298910365616,1.7387102481382397,2.54474663217841,1.6174060820832772,1.749199854809259
2024-06-12,2.4882344367123217,1.5933085305042167,1.7263316639055997,2.5533438410275884,1.6054298910365616,1.7387102481382397
2024-06-13,2.479894072820678,1.5769147207285403,1.713797927758343,2.4882344367123217,1.5933085305042167,1.7263316639055997
2024-06-14,2.538447404663274,1.5769147207285403,1.713797927758343,2.479894072820678,1.5769147207285403,1.713797927758343
2024-06-17,2.545531271604435,1.5912739418064292,1.728109442151599,2.538447404663274,1.5769147207285403,1.713797927758343
2024-06-18,2.509599277885271,1.5789787049493917,1.7173950539391927,2.545531271604435,1.5912739418064292,1.728109442151599
2024-06-20,2.5862591239406965,1.589235205116581,1.7227665977411035,2.509599277885271,1.5789787049493917,1.7173950539391927
2024-06-21,2.5802168151427143,1.589235205116581,1.724550719534605,2.5862591239406965,1.589235205116581,1.7227665977411035
2024-06-24,2.5900171284671405,1.5851452198650557,1.7227665977411035,2.5802168151427143,1.589235205116581,1.724550719534605
2024-06-25,2.552565310145607,1.5851452198650557,1.7227665977411035,2.5900171284671405,1.5851452198650557,1.7227665977411035
2024-06-26,2.5297206807757897,1.601405740736836,1.7369512327330598,2.552565310145607,1.5851452198650557,1.7227665977411035
2024-06-27,2.5047092583846835,1.5933085305042167,1.7298840655099674,2.5297206807757897,1.601405740736836,1.7369512327330598
2024-06-28,2.5209170535797867,1.6054298910365616,1.7387102481382397,2.5047092583846835,1.5933085305042167,1.7298840655099674
2024-07-01,2.5030739755952336,1.6193882432872684,1.7544036826842861,2.5209170535797867,1.6054298910365616,1.7387102481382397
2024-07-02,2.487403507789679,1.6094379124341003,1.7457155307266483,2.5030739755952336,1.6193882432872684,1.7544036826842861
2024-07-03,2.4923786772477015,1.5933085305042167,1.7316555451583497,2.487403507789679,1.6094379124341003,1.7457155307266483
2024-07-05,2.5241273262614996,1.5789787049493917,1.7173950539391927,2.4923786772477015,1.5933085305042167,1.7316555451583497
2024-07-08,2.5152741771529077,1.5789787049493917,1.7173950539391927,2.5241273262614996,1.5789787049493917,1.7173950539391927
2024-07-09,2.52652834277473,1.5810384379124025,1.7191887763932197,2.5152741771529077,1.5789787049493917,1.7173950539391927
2024-07-10,2.5533438410275884,1.5789787049493917,1.7191887763932197,2.52652834277473,1.5810384379124025,1.7191887763932197
2024-07-11,2.55877650425956,1.5623463049002497,1.7029282555214393,2.5533438410275884,1.5789787049493917,1.7191887763932197
2024-07-12,2.5225235164208617,1.5539252025038417,1.6956156086751528,2.55877650425956,1.5623463049002497,1.7029282555214393
2024-07-15,2.574137774793312,1.5623463049002497,1.6992786164338898,2.5225235164208617,1.5539252025038417,1.6956156086751528
2024-07-16,2.5794589349159778,1.5518087995974639,1.691939133945844,2.574137774793312,1.5623463049002497,1.6992786164338898
2024-07-17,2.6727683553440564,1.5518087995974639,1.691939133945844,2.5794589349159778,1.5518087995974639,1.691939133945844
2024-07-18,2.7682041430792563,1.5602476682433286,1.6992786164338898,2.6727683553440564,1.5518087995974639,1.691939133945844
2024-07-19,2.804571795802497,1.5686159179138452,1.706564623164823,2.7682041430792563,1.5602476682433286,1.6992786164338898
2024-07-22,2.7020321185427174,1.572773928062509,1.7083778602890038,2.804571795802497,1.5686159179138452,1.706564623164823
2024-07-23,2.689207131441274,1.5706970841176697,1.706564623164823,2.7020321185427174,1.572773928062509,1.7083778602890038
2024-07-24,2.892591565384329,1.5789787049493917,1.7119945007591924,2.689207131441274,1.5706970841176697,1.706564623164823
2024-07-25,2.9156061794795076,1.5748464676644813,1.7101878155342434,2.892591565384329,1.5789787049493917,1.7119945007591924
2024-07-26,2.796671355516472,1.5623463049002497,1.6992786164338898,2.9156061794795076,1.5748464676644813,1.7101878155342434
2024-07-29,2.8094027183426014,1.55814461804655,1.6956156086751528,2.796671355516472,1.5623463049002497,1.6992786164338898
2024-07-30,2.8729995383614964,1.556037135706985,1.6937790608678513,2.8094027183426014,1.55814461804655,1.6956156086751528
2024-07-31,2.794839368482153,1.536867219599265,1.6808279085207734,2.8729995383614964,1.556037135706985,1.6937790608678513
2024-08-01,2.9226238099414155,1.5260563034950492,1.6714733033535532,2.794839368482153,1.536867219599265,1.6808279085207734
2024-08-02,3.152308554501536,1.4883995840570443,1.6428726885203377,2.9226238099414155,1.5260563034950492,1.6714733033535532
2024-08-05,3.6524747643078785,1.4951487660319727,1.6563214983329508,3.152308554501536,1.4883995840570443,1.6428726885203377
2024-08-06,3.3217933258352854,1.5151272329628591,1.6695918352538475,3.6524747643078785,1.4951487660319727,1.6563214983329508
2024-08-07,3.32683298007059,1.5195132049061133,1.673351238177753,3.3217933258352854,1.5151272329628591,1.6695918352538475
2024-08-08,3.1692653627985705,1.5238800240724537,1.6789639750827108,3.32683298007059,1.5195132049061133,1.673351238177753
2024-08-09,3.014063271438193,1.5173226235262947,1.6714733033535532,3.1692653627985705,1.5238800240724537,1.6789639750827108
2024-08-12,3.030616631200474,1.5107219394949427,1.6639260977181702,3.014063271438193,1.5173226235262947,1.6714733033535532
2024-08-13,2.8970163469301413,1.4951487660319727,1.6524974018945473,3.030616631200474,1.5107219394949427,1.6639260977181702
2024-08-14,2.7843938006764253,1.4906543764441336,1.6448050562713916,2.8970163469301413,1.4951487660319727,1.6524974018945473
2024-08-15,2.7232671368503616,1.501852701754163,1.6563214983329508,2.7843938006764253,1.4906543764441336,1.6448050562713916
2024-08-16,2.69462719365756,1.4951487660319727,1.6505798557652755,2.7232671368503616,1.501852701754163,1.6563214983329508
2024-08-19,2.6844403094241867,1.4906543764441336,1.6467336971777973,2.69462719365756,1.4951487660319727,1.6505798557652755
2024-08-20,2.7650604630255966,1.47932922708708,1.6370530794670737,2.6844403094241867,1.4906543764441336,1.6467336971777973
2024-08-21,2.78932294936639,1.472472057360943,1.62924053973028,2.7650604630255966,1.47932922708708,1.6370530794670737
2024-08-22,2.8650539064395404,1.4861396960896067,1.6409365794934714,2.78932294936639,1.472472057360943,1.62924053973028
2024-08-23,2.7638001945596176,1.4701758451005926,1.6272778305624314,2.8650539064395404,1.4861396960896067,1.6409365794934714
2024-08-26,2.781920026048249,1.472472057360943,1.62924053973028,2.7638001945596176,1.4701758451005926,1.6272778305624314
2024-08-27,2.73631368615315,1.472472057360943,1.62924053973028,2.781920026048249,1.472472057360943,1.62924053973028
2024-08-28,2.8396631235763143,1.4747630091074988,1.631199404215613,2.73631368615315,1.472472057360943,1.62924053973028
2024-08-29,2.7504708926110997,1.47932922708708,1.6331544390514163,2.8396631235763143,1.4747630091074988,1.631199404215613
2024-08-30,2.70805020110221,1.4883995840570443,1.6409365794934714,2.7504708926110997,1.47932922708708,1.6331544390514163
2024-09-03,3.0310993842520197,1.4770487243883548,1.6331544390514163,2.70805020110221,1.4883995840570443,1.6409365794934714
2024-09-04,3.0596455849835826,1.4586150226995167,1.6193882432872684,3.0310993842520197,1.4770487243883548,1.6331544390514163
2024-09-05,2.9907197125611136,1.4539530095937054,1.6154199841116479,3.0596455849835826,1.4586150226995167,1.6193882432872684
2024-09-06,3.1081676653845203,1.4469189829363254,1.6094379124341003,2.9907197125611136,1.4539530095937054,1.6154199841116479
2024-09-09,2.9678471092901333,1.4445632692438664,1.6074359097634274,3.1081676653845203,1.4469189829363254,1.6094379124341003
2024-09-10,2.948640662021506,1.4327007339340465,1.599387576580599,2.9678471092901333,1.4445632692438664,1.6074359097634274
2024-09-11,2.8729995383614964,1.43746264769429,1.6034198401085373,2.948640662021506,1.4327007339340465,1.599387576580599
2024-09-12,2.8373225189284472,1.4398351280479205,1.6034198401085373,2.8729995383614964,1.43746264769429,1.6034198401085373
2024-09-13,2.806990116707257,1.4279160358107101,1.5953389880545987,2.8373225189284472,1.4398351280479205,1.6034198401085373
2024-09-16,2.841414877559857,1.415853163361435,1.5851452198650557,2.806990116707257,1.4279160358107101,1.5953389880545987
2024-09-17,2.8684669571674872,1.4206957878372228,1.5871923034867805,2.841414877559857,1.415853163361435,1.5851452198650557
2024-09-18,2.903068563580112,1.4327007339340465,1.5953389880545987,2.8684669571674872,1.4206957878372228,1.5871923034867805
2024-09-19,2.7930039023103626,1.4279160358107101,1.589235205116581,2.903068563580112,1.4327007339340465,1.5953389880545987
2024-09-20,2.781920026048249,1.430311246536665,1.589235205116581,2.7930039023103626,1.4279160358107101,1.589235205116581
2024-09-23,2.765690002154839,1.4327007339340465,1.5912739418064292,2.781920026048249,1.430311246536665,1.589235205116581
2024-09-24,2.733717970158959,1.425515074273172,1.5851452198650557,2.765690002154839,1.4327007339340465,1.5912739418064292
2024-09-25,2.7350166394301496,1.4398351280479205,1.5953389880545987,2.733717970158959,1.425515074273172,1.5851452198650557
2024-09-26,2.7324175501047714,1.4445632692438664,1.599387576580599,2.7350166394301496,1.4398351280479205,1.5953389880545987
2024-09-27,2.8308575763821904,1.4327007339340465,1.589235205116581,2.7324175501047714,1.4445632692438664,1.599387576580599
2024-09-30,2.817203487636887,1.4445632692438664,1.6034198401085373,2.8308575763821904,1.4327007339340465,1.589235205116581
2024-10-01,2.9580304182537716,1.43746264769429,1.5933085305042167,2.817203487636887,1.4445632692438664,1.6034198401085373
2024-10-02,2.939161901882013,1.4422019930581866,1.599387576580599,2.9580304182537716,1.43746264769429,1.5933085305042167
2024-10-03,3.0199369510803917,1.4562867329399256,1.6094379124341003,2.939161901882013,1.4422019930581866,1.599387576580599
2024-10-04,2.9554309291215706,1.4838746894587547,1.631199404215613,3.0199369510803917,1.4562867329399256,1.6094379124341003
2024-10-07,3.1197182263759906,1.4973884086254774,1.6409365794934714,2.9554309291215706,1.4838746894587547,1.631199404215613
2024-10-08,3.0643250685814114,1.4951487660319727,1.6389967146756448,3.1197182263759906,1.4973884086254774,1.6409365794934714
2024-10-09,3.0378334788320487,1.5040773967762742,1.6448050562713916,3.0643250685814114,1.4951487660319727,1.6389967146756448
2024-10-10,3.041183551038691,1.501852701754163,1.6428726885203377,3.0378334788320487,1.5040773967762742,1.6448050562713916
2024-10-11,3.0184717157762972,1.501852701754163,1.6409365794934714,3.041183551038691,1.501852701754163,1.6428726885203377
2024-10-14,2.9806186744718333,1.501852701754163,1.6389967146756448,3.0184717157762972,1.501852701754163,1.6409365794934714
2024-10-15,3.0272309110420648,1.4929040961781488,1.631199404215613,2.9806186744718333,1.501852701754163,1.6389967146756448
2024-10-16,2.97450863320584,1.4883995840570443,1.6272778305624314,3.0272309110420648,1.4929040961781488,1.631199404215613
2024-10-17,2.9502117901910383,1.501852701754163,1.6389967146756448,2.97450863320584,1.4883995840570443,1.6272778305624314
2024-10-18,2.8920370752987252,1.4996230464268938,1.6370530794670737,2.9502117901910383,1.501852701754163,1.6389967146756448
2024-10-21,2.9107189449120305,1.5260563034950492,1.6582280766035324,2.8920370752987252,1.4996230464268938,1.6370530794670737
2024-10-22,2.901421636002499,1.5282278570085572,1.6620303625532709,2.9107189449120305,1.5260563034950492,1.6582280766035324
2024-10-23,2.956991433341415,1.536867219599265,1.6695918352538475,2.901421636002499,1.5282278570085572,1.6620303625532709
2024-10-24,2.948640662021506,1.5325568680981427,1.665818245870208,2.956991433341415,1.536867219599265,1.6695918352538475
2024-10-25,3.012097623887479,1.536867219599265,1.6695918352538475,2.948640662021506,1.5325568680981427,1.665818245870208
2024-10-28,2.9856818991681933,1.5432981099295553,1.6752256529721035,3.012097623887479,1.536867219599265,1.6695918352538475
2024-10-29,2.9621754979149046,1.541159071680806,1.673351238177753,2.9856818991681933,1.5432981099295553,1.6752256529721035
2024-10-30,3.013080930634045,1.545432582458188,1.6752256529721035,2.9621754979149046,1.541159071680806,1.673351238177753
2024-10-31,3.142426646116371,1.547562508716013,1.682688374173693,3.013080930634045,1.545432582458188,1.6752256529721035
2024-11-01,3.0855729391975917,1.5623463049002497,1.6956156086751528,3.142426646116371,1.547562508716013,1.682688374173693
2024-11-04,3.0901329281491026,1.547562508716013,1.682688374173693,3.0855729391975917,1.5623463049002497,1.6956156086751528
2024-11-05,3.0199369510803917,1.545432582458188,1.6789639750827108,3.0901329281491026,1.547562508716013,1.682688374173693
2024-11-06,2.78932294936639,1.5644405465033646,1.6937790608678513,3.0199369510803917,1.545432582458188,1.6789639750827108
2024-11-07,2.721295415303884,1.545432582458188,1.673351238177753,2.78932294936639,1.5644405465033646,1.6937790608678513
2024-11-08,2.704042151617877,1.541159071680806,1.6695918352538475,2.721295415303884,1.545432582458188,1.673351238177753
2024-11-11,2.7060482162691324,1.541159071680806,1.6695918352538475,2.704042151617877,1.541159071680806,1.6695918352538475
2024-11-12,2.688527537206614,1.5644405465033646,1.6900958154515549,2.7060482162691324,1.541159071680806,1.6695918352538475
2024-11-13,2.640484914257205,1.5686159179138452,1.6900958154515549,2.688527537206614,1.5644405465033646,1.6900958154515549
2024-11-14,2.6609586228916786,1.572773928062509,1.6937790608678513,2.640484914257205,1.5686159179138452,1.6900958154515549
2024-11-15,2.78130062502572,1.572773928062509,1.6937790608678513,2.6609586228916786,1.572773928062509,1.6937790608678513
2024-11-18,2.7459880355456865,1.5665304114228238,1.6882490928583902,2.78130062502572,1.572773928062509,1.6937790608678513
2024-11-19,2.794227920674744,1.5623463049002497,1.6845453849209058,2.7459880355456865,1.5665304114228238,1.6882490928583902
2024-11-20,2.842581085167748,1.5686159179138452,1.6900958154515549,2.794227920674744,1.5623463049002497,1.6845453849209058
2024-11-21,2.825536946304965,1.5706970841176697,1.6937790608678513,2.842581085167748,1.5686159179138452,1.6900958154515549
2024-11-22,2.723923535240007,1.5748464676644813,1.6937790608678513,2.825536946304965,1.5706970841176697,1.6937790608678513
2024-11-25,2.6810215548423537,1.547562508716013,1.667706820558076,2.723923535240007,1.5748464676644813,1.6937790608678513
2024-11-26,2.6461748244387127,1.5518087995974639,1.673351238177753,2.6810215548423537,1.547562508716013,1.667706820558076
2024-11-27,2.6461748244387127,1.5432981099295553,1.665818245870208,2.6461748244387127,1.5518087995974639,1.673351238177753
2024-11-29,2.603430168913768,1.5325568680981427,1.6563214983329508,2.6461748244387127,1.5432981099295553,1.665818245870208
2024-12-02,2.5907670519258503,1.5325568680981427,1.6601310267496185,2.603430168913768,1.5325568680981427,1.6563214983329508
2024-12-03,2.5877640495686753,1.5390154481375546,1.6639260977181702,2.5907670519258503,1.5325568680981427,1.6601310267496185
2024-12-04,2.598979091866817,1.5260563034950492,1.6524974018945473,2.5877640495686753,1.5390154481375546,1.6639260977181702
2024-12-05,2.605648264666775,1.5260563034950492,1.6544112780768316,2.598979091866817,1.5260563034950492,1.6524974018945473
2024-12-06,2.54709870589125,1.5195132049061133,1.6486586255873816,2.605648264666775,1.5260563034950492,1.6544112780768316
2024-12-09,2.6525374616006543,1.5282278570085572,1.6544112780768316,2.54709870589125,1.5195132049061133,1.6486586255873816
2024-12-10,2.6518325426255456,1.534714366238164,1.6582280766035324,2.6525374616006543,1.5282278570085572,1.6544112780768316
2024-12-11,2.608598116512439,1.5390154481375546,1.6620303625532709,2.6518325426255456,1.534714366238164,1.6582280766035324
2024-12-12,2.6333266603871603,1.5518087995974639,1.6714733033535532,2.608598116512439,1.5390154481375546,1.6620303625532709
2024-12-13,2.6253929978061894,1.5644405465033646,1.682688374173693,2.6333266603871603,1.5518087995974639,1.6714733033535532
2024-12-16,2.687166961621,1.5623463049002497,1.6808279085207734,2.6253929978061894,1.5644405465033646,1.682688374173693
2024-12-17,2.76443052732717,1.5623463049002497,1.6808279085207734,2.687166961621,1.5623463049002497,1.6808279085207734
2024-12-18,3.318540178366135,1.5851452198650557,1.7011051009599243,2.76443052732717,1.5623463049002497,1.6808279085207734
2024-12-19,3.1817968229608558,1.5953389880545987,1.7119945007591924,3.318540178366135,1.5851452198650557,1.7011051009599243
2024-12-20,2.910174418435893,1.5912739418064292,1.7083778602890038,3.1817968229608558,1.5953389880545987,1.7119945007591924
2024-12-23,2.8201877419595305,1.599387576580599,1.715598108262491,2.910174418435893,1.5912739418064292,1.7083778602890038
2024-12-24,2.6581594635674883,1.5973653311998313,1.713797927758343,2.8201877419595305,1.599387576580599,1.715598108262491
2024-12-26,2.689886199397575,1.5953389880545987,1.7119945007591924,2.6581594635674883,1.5973653311998313,1.713797927758343
2024-12-27,2.7694588172725547,1.601405740736836,1.715598108262491,2.689886199397575,1.5953389880545987,1.7119945007591924
2024-12-30,2.8564701842969358,1.589235205116581,1.7047480922384253,2.7694588172725547,1.601405740736836,1.715598108262491
2024-12-31,2.8535925283795955,1.5933085305042167,1.713797927758343,2.8564701842969358,1.589235205116581,1.7047480922384253
2025-01-02,2.886475304637442,1.5933085305042167,1.7119945007591924,2.8535925283795955,1.5933085305042167,1.713797927758343
2025-01-03,2.780680840107767,1.5973653311998313,1.7173950539391927,2.886475304637442,1.5933085305042167,1.7119945007591924
2025-01-06,2.7750856595161313,1.599387576580599,1.7209792871670078,2.780680840107767,1.5973653311998313,1.7173950539391927
2025-01-07,2.8803214049171983,1.6114359150967734,1.7298840655099674,2.7750856595161313,1.599387576580599,1.7209792871670078
2025-01-08,2.8735646826837065,1.6074359097634274,1.7263316639055997,2.8803214049171983,1.6114359150967734,1.7298840655099674
2025-01-10,2.972463693468645,1.623340817603092,1.7439688053917064,2.8735646826837065,1.6074359097634274,1.7263316639055997
2025-01-13,2.954389337849604,1.62924053973028,1.749199854809259,2.972463693468645,1.623340817603092,1.7439688053917064
2025-01-14,2.9290580913534825,1.6253112615903906,1.7457155307266483,2.954389337849604,1.62924053973028,1.749199854809259
2025-01-15,2.780060789140106,1.601405740736836,1.7227665977411035,2.9290580913534825,1.6253112615903906,1.7457155307266483
2025-01-16,2.8094027183426014,1.5953389880545987,1.715598108262491,2.780060789140106,1.601405740736836,1.7227665977411035
2025-01-17,2.7707119789475727,1.5973653311998313,1.7173950539391927,2.8094027183426014,1.5953389880545987,1.715598108262491
2025-01-21,2.7120422502347417,1.589235205116581,1.7101878155342434,2.7707119789475727,1.5973653311998313,1.7173950539391927
2025-01-22,2.714694769083774,1.5953389880545987,1.713797927758343,2.7120422502347417,1.589235205116581,1.7101878155342434
2025-01-23,2.7093826768129303,1.599387576580599,1.7173950539391927,2.714694769083774,1.5953389880545987,1.713797927758343
2025-01-24,2.6979998909369054,1.5953389880545987,1.7119945007591924,2.7093826768129303,1.599387576580599,1.7173950539391927
2025-01-27,2.8848006915355513,1.5810384379124025,1.6992786164338898,2.6979998909369054,1.5953389880545987,1.7119945007591924
2025-01-28,2.79789089580353,1.5810384379124025,1.6992786164338898,2.8848006915355513,1.5810384379124025,1.6992786164338898
2025-01-29,2.806990116707257,1.5851452198650557,1.7029282555214393,2.79789089580353,1.5810384379124025,1.6992786164338898
2025-01-30,2.7625383960193535,1.5830939370944985,1.6992786164338898,2.806990116707257,1.5851452198650557,1.7029282555214393
2025-01-31,2.7991089506234785,1.589235205116581,1.706564623164823,2.7625383960193535,1.5830939370944985,1.6992786164338898
2025-02-03,2.924236316920531,1.5912739418064292,1.7083778602890038,2.7991089506234785,1.589235205116581,1.706564623164823
2025-02-04,2.8454905570260416,1.5851452198650557,1.7029282555214393,2.924236316920531,1.5912739418064292,1.7083778602890038
2025-02-05,2.7581094300024462,1.5706970841176697,1.6900958154515549,2.8454905570260416,1.5851452198650557,1.7029282555214393
2025-02-06,2.740840023925201,1.5748464676644813,1.6937790608678513,2.7581094300024462,1.5706970841176697,1.6900958154515549
2025-02-07,2.805781744947862,1.5851452198650557,1.7047480922384253,2.740840023925201,1.5748464676644813,1.6937790608678513
2025-02-10,2.760642677762601,1.5851452198650557,1.7047480922384253,2.805781744947862,1.5851452198650557,1.7047480922384253
2025-02-11,2.773837970214724,1.589235205116581,1.7083778602890038,2.760642677762601,1.5851452198650557,1.7047480922384253
2025-02-12,2.765690002154839,1.6034198401085373,1.7209792871670078,2.773837970214724,1.589235205116581,1.7083778602890038
2025-02-13,2.714694769083774,1.5851452198650557,1.7047480922384253,2.765690002154839,1.6034198401085373,1.7209792871670078
2025-02-14,2.692598127536089,1.5748464676644813,1.6937790608678513,2.714694769083774,1.5851452198650557,1.7047480922384253
2025-02-18,2.731115498884654,1.5871923034867805,1.7029282555214393,2.692598127536089,1.5748464676644813,1.6937790608678513
2025-02-19,2.725890149208515,1.5830939370944985,1.6992786164338898,2.731115498884654,1.5871923034867805,1.7029282555214393
2025-02-20,2.751109680818858,1.5810384379124025,1.6974487897568136,2.725890149208515,1.5830939370944985,1.6992786164338898
2025-02-21,2.9019708434634395,1.5686159179138452,1.6863989535702288,2.751109680818858,1.5810384379124025,1.6974487897568136
2025-02-24,2.943385769063569,1.5623463049002497,1.682688374173693,2.9019708434634395,1.5686159179138452,1.6863989535702288
2025-02-25,2.966818279095771,1.547562508716013,1.667706820558076,2.943385769063569,1.5623463049002497,1.682688374173693
2025-02-26,2.949688355024821,1.541159071680806,1.6639260977181702,2.966818279095771,1.547562508716013,1.667706820558076
2025-02-27,3.0506937919103403,1.545432582458188,1.667706820558076,2.949688355024821,1.541159071680806,1.6639260977181702
2025-02-28,2.9770589655357758,1.5390154481375546,1.665818245870208,3.0506937919103403,1.545432582458188,1.667706820558076
2025-03-03,3.1258829881615076,1.5325568680981427,1.6601310267496185,2.9770589655357758,1.5390154481375546,1.665818245870208
2025-03-04,3.157425872287488,1.541159071680806,1.667706820558076,3.1258829881615076,1.5325568680981427,1.6601310267496185
2025-03-05,3.087855576345701,1.5518087995974639,1.6752256529721035,3.157425872287488,1.541159071680806,1.667706820558076
2025-03-06,3.2136622915601216,1.5539252025038417,1.6770965609079151,3.087855576345701,1.5518087995974639,1.6752256529721035
2025-03-07,3.1514531844614804,1.5602476682433286,1.682688374173693,3.2136622915601216,1.5539252025038417,1.6770965609079151
2025-03-10,3.3271919902594687,1.545432582458188,1.6714733033535532,3.1514531844614804,1.5602476682433286,1.682688374173693
2025-03-11,3.292869507610626,1.5602476682433286,1.6845453849209058,3.3271919902594687,1.545432582458188,1.6714733033535532
2025-03-12,3.1875915159360004,1.5686159179138452,1.6937790608678513,3.292869507610626,1.5602476682433286,1.6845453849209058
2025-03-13,3.2051824915485305,1.5602476682433286,1.6900958154515549,3.1875915159360004,1.5686159179138452,1.6937790608678513
2025-03-14,3.080532896273726,1.5665304114228238,1.6937790608678513,3.2051824915485305,1.5602476682433286,1.6900958154515549
2025-03-17,3.0209125832438133,1.5602476682433286,1.6900958154515549,3.080532896273726,1.5665304114228238,1.6937790608678513
2025-03-18,3.0773122957049135,1.55814461804655,1.6882490928583902,3.0209125832438133,1.5602476682433286,1.6900958154515549
2025-03-19,2.9907197125611136,1.545432582458188,1.6770965609079151,3.0773122957049135,1.55814461804655,1.6882490928583902
2025-03-20,2.9856818991681933,1.5432981099295553,1.6714733033535532,2.9907197125611136,1.545432582458188,1.6770965609079151
2025-03-21,2.9590683247967924,1.547562508716013,1.6770965609079151,2.9856818991681933,1.5432981099295553,1.6714733033535532
2025-03-24,2.861057344039536,1.5602476682433286,1.6863989535702288,2.9590683247967924,1.547562508716013,1.6770965609079151
2025-03-25,2.841998151368816,1.55814461804655,1.682688374173693,2.861057344039536,1.5602476682433286,1.6863989535702288
2025-03-26,2.908539057689369,1.5644405465033646,1.6900958154515549,2.841998151368816,1.55814461804655,1.682688374173693
2025-03-27,2.9279886500419825,1.5665304114228238,1.691939133945844,2.908539057689369,1.5644405465033646,1.6900958154515549
2025-03-28,3.0750054368286497,1.5518087995974639,1.6789639750827108,2.9279886500419825,1.5665304114228238,1.691939133945844
2025-03-31,3.1036894458780013,1.5496879080283263,1.682688374173693,3.0750054368286497,1.5518087995974639,1.6789639750827108
2025-04-01,3.080532896273726,1.5432981099295553,1.6770965609079151,3.1036894458780013,1.5496879080283263,1.682688374173693
2025-04-02,3.0685179539203564,1.545432582458188,1.6789639750827108,3.080532896273726,1.5432981099295553,1.6770965609079151
2025-04-03,3.401863841453939,1.5325568680981427,1.6714733033535532,3.0685179539203564,1.545432582458188,1.6789639750827108
2025-04-04,3.8135277889878307,1.534714366238164,1.682688374173693,3.401863841453939,1.5325568680981427,1.6714733033535532
2025-04-07,3.8497219694869678,1.572773928062509,1.724550719534605,3.8135277889878307,1.534714366238164,1.682688374173693
2025-04-08,3.9575698553746506,1.5810384379124025,1.7298840655099674,3.8497219694869678,1.572773928062509,1.724550719534605
2025-04-09,3.515121096210236,1.5933085305042167,1.747459210331475,3.9575698553746506,1.5810384379124025,1.7298840655099674
2025-04-10,3.7067194022202417,1.599387576580599,1.7526720805200082,3.515121096210236,1.5933085305042167,1.747459210331475
2025-04-11,3.625939690902655,1.6074359097634274,1.7647307968401356,3.7067194022202417,1.599387576580599,1.7526720805200082
2025-04-14,3.430432487171618,1.5830939370944985,1.7404661748405046,3.625939690902655,1.6074359097634274,1.7647307968401356
2025-04-15,3.405189430794687,1.5789787049493917,1.7351891177396608,3.430432487171618,1.5830939370944985,1.7404661748405046
2025-04-16,3.4855385113964097,1.5644405465033646,1.7227665977411035,3.405189430794687,1.5789787049493917,1.7351891177396608
2025-04-17,3.3894621125779762,1.5706970841176697,1.724550719534605,3.4855385113964097,1.5644405465033646,1.7227665977411035
2025-04-21,3.5210523344469045,1.5830939370944985,1.7369512327330598,3.3894621125779762,1.5706970841176697,1.724550719534605
2025-04-22,3.4200191259198913,1.5830939370944985,1.7334238922150915,3.5210523344469045,1.5830939370944985,1.7369512327330598
2025-04-23,3.348148187389192,1.5789787049493917,1.7263316639055997,3.4200191259198913,1.5830939370944985,1.7334238922150915
2025-04-24,3.2760119902984917,1.5623463049002497,1.7119945007591924,3.348148187389192,1.5789787049493917,1.7263316639055997
2025-04-25,3.2124552632081076,1.5518087995974639,1.6992786164338898,3.2760119902984917,1.5623463049002497,1.7119945007591924
2025-04-28,3.224857881377966,1.541159071680806,1.6882490928583902,3.2124552632081076,1.5518087995974639,1.6992786164338898
2025-04-29,3.185112197871947,1.534714366238164,1.6845453849209058,3.224857881377966,1.541159071680806,1.6882490928583902
2025-04-30,3.206803274522168,1.536867219599265,1.6900958154515549,3.185112197871947,1.534714366238164,1.6845453849209058
2025-05-01,3.2027464584452163,1.5518087995974639,1.7029282555214393,3.206803274522168,1.536867219599265,1.6900958154515549
2025-05-02,3.1214834923152734,1.5665304114228238,1.715598108262491,3.2027464584452163,1.5518087995974639,1.7029282555214393
2025-05-05,3.162940166719303,1.5686159179138452,1.7173950539391927,3.1214834923152734,1.5665304114228238,1.715598108262491
2025-05-06,3.2092294570604114,1.5623463049002497,1.7119945007591924,3.162940166719303,1.5686159179138452,1.7173950539391927
2025-05-07,3.1591257880658463,1.556037135706985,1.706564623164823,3.2092294570604114,1.5623463049002497,1.7119945007591924
2025-05-08,3.1126260046623373,1.572773928062509,1.7191887763932197,3.1591257880658463,1.556037135706985,1.706564623164823
2025-05-09,3.086486619403746,1.572773928062509,1.715598108262491,3.1126260046623373,1.572773928062509,1.7191887763932197
2025-05-12,2.911807005426911,1.5851452198650557,1.7227665977411035,3.086486619403746,1.572773928062509,1.715598108262491
2025-05-13,2.9025198541454498,1.5851452198650557,1.7191887763932197,2.911807005426911,1.5851452198650557,1.7227665977411035
2025-05-14,2.924236316920531,1.5933085305042167,1.724550719534605,2.9025198541454498,1.5851452198650557,1.7191887763932197
2025-05-15,2.880882427596084,1.5789787049493917,1.7101878155342434,2.924236316920531,1.5933085305042167,1.724550719534605
2025-05-16,2.8472322519593383,1.5789787049493917,1.7083778602890038,2.880882427596084,1.5789787049493917,1.7101878155342434
2025-05-19,2.8981194110402666,1.5789787049493917,1.706564623164823,2.8472322519593383,1.5789787049493917,1.7083778602890038
2025-05-20,2.895359307842134,1.5810384379124025,1.706564623164823,2.8981194110402666,1.5789787049493917,1.706564623164823
2025-05-21,3.0383127613015377,1.599387576580599,1.7227665977411035,2.895359307842134,1.5810384379124025,1.706564623164823
2025-05-22,3.009635212581242,1.5933085305042167,1.7173950539391927,3.0383127613015377,1.599387576580599,1.7227665977411035
2025-05-23,3.104138188471233,1.5912739418064292,1.715598108262491,3.009635212581242,1.5933085305042167,1.7173950539391927
2025-05-27,2.9423314485395675,1.5769147207285403,1.7029282555214393,3.104138188471233,1.5912739418064292,1.715598108262491
2025-05-28,2.9606230687833737,1.5851452198650557,1.7083778602890038,2.9423314485395675,1.5769147207285403,1.7029282555214393
2025-05-29,2.9538680853664383,1.5748464676644813,1.6974487897568136,2.9606230687833737,1.5851452198650557,1.7083778602890038
2025-05-30,2.921547358930808,1.5686159179138452,1.691939133945844,2.9538680853664383,1.5748464676644813,1.6974487897568136
2025-06-02,2.910174418435893,1.5953389880545987,1.7029282555214393,2.921547358930808,1.5686159179138452,1.691939133945844
2025-06-03,2.8729995383614964,1.5953389880545987,1.7011051009599243,2.910174418435893,1.5953389880545987,1.7029282555214393
2025-06-04,2.8684669571674872,1.5789787049493917,1.682688374173693,2.8729995383614964,1.5953389880545987,1.7011051009599243
2025-06-05,2.916689041442776,1.5851452198650557,1.6900958154515549,2.8684669571674872,1.5789787049493917,1.682688374173693
2025-06-06,2.8195916031316988,1.6034198401085373,1.706564623164823,2.916689041442776,1.5851452198650557,1.6900958154515549
2025-06-09,2.842581085167748,1.599387576580599,1.7011051009599243,2.8195916031316988,1.6034198401085373,1.706564623164823
2025-06-10,2.8302678788376356,1.5953389880545987,1.6974487897568136,2.842581085167748,1.599387576580599,1.7011051009599243
2025-06-11,2.8483916989161067,1.5871923034867805,1.6863989535702288,2.8302678788376356,1.5953389880545987,1.6974487897568136
2025-06-12,2.891482277583281,1.5769147207285403,1.6789639750827108,2.8483916989161067,1.5871923034867805,1.6863989535702288
2025-06-13,3.0359140485290044,1.589235205116581,1.6882490928583902,2.891482277583281,1.5769147207285403,1.6789639750827108
2025-06-16,2.9502117901910383,1.5953389880545987,1.691939133945844,3.0359140485290044,1.589235205116581,1.6882490928583902
2025-06-17,3.0726933323507546,1.5851452198650557,1.682688374173693,2.9502117901910383,1.5953389880545987,1.691939133945844
2025-06-18,3.002707856984976,1.5851452198650557,1.682688374173693,3.0726933323507546,1.5851452198650557,1.682688374173693
2025-06-20,3.026261519288784,1.5830939370944985,1.6808279085207734,3.002707856984976,1.5851452198650557,1.682688374173693
2025-06-23,2.9871959386843043,1.5789787049493917,1.6752256529721035,3.026261519288784,1.5830939370944985,1.6808279085207734
2025-06-24,2.861057344039536,1.5686159179138452,1.665818245870208,2.9871959386843043,1.5789787049493917,1.6752256529721035
2025-06-25,2.818995108710371,1.5686159179138452,1.6639260977181702,2.861057344039536,1.5686159179138452,1.665818245870208
2025-06-26,2.8088001133999354,1.5623463049002497,1.6563214983329508,2.818995108710371,1.5686159179138452,1.6639260977181702
2025-06-27,2.7923913308364643,1.5686159179138452,1.6601310267496185,2.8088001133999354,1.5623463049002497,1.6563214983329508
